channel,threads,time_sent,time_received
logdev_ebpf_shared,4,2026-06-15T18:46:51.600661200,2026-06-15T21:46:51.939015000
logdev_ebpf_shared,4,2026-06-15T18:46:51.600661200,2026-06-15T21:46:51.939015000
logdev_ebpf_shared,4,2026-06-15T18:46:51.600661200,2026-06-15T21:46:51.939155313
logdev_ebpf_shared,4,2026-06-15T18:46:51.600661200,2026-06-15T21:46:51.939155313
logdev_ebpf_shared,4,2026-06-15T18:46:51.600661200,2026-06-15T21:46:51.939248906
logdev_ebpf_shared,4,2026-06-15T18:46:51.600661200,2026-06-15T21:46:51.939339375
logdev_ebpf_shared,4,2026-06-15T18:46:51.600661200,2026-06-15T21:46:51.939339375
logdev_ebpf_shared,4,2026-06-15T18:46:51.600661200,2026-06-15T21:46:51.939525313
logdev_ebpf_shared,4,2026-06-15T18:46:51.600661200,2026-06-15T21:46:51.939525313
logdev_ebpf_shared,4,2026-06-15T18:46:51.600661200,2026-06-15T21:46:51.939802656
logdev_ebpf_shared,4,2026-06-15T18:46:51.600661200,2026-06-15T21:46:51.939802656
logdev_ebpf_shared,4,2026-06-15T18:46:51.600661200,2026-06-15T21:46:51.939802656
logdev_ebpf_shared,4,2026-06-15T18:46:51.600661200,2026-06-15T21:46:51.939928438
logdev_ebpf_shared,4,2026-06-15T18:46:51.600661200,2026-06-15T21:46:51.939928438
logdev_ebpf_shared,4,2026-06-15T18:46:51.600661200,2026-06-15T21:46:51.940023594
logdev_ebpf_shared,4,2026-06-15T18:46:51.600661200,2026-06-15T21:46:51.940164219
logdev_ebpf_shared,4,2026-06-15T18:46:51.600661200,2026-06-15T21:46:51.940164219
logdev_ebpf_shared,4,2026-06-15T18:46:51.600661200,2026-06-15T21:46:51.940164219
logdev_ebpf_shared,4,2026-06-15T18:46:51.600661200,2026-06-15T21:46:51.940329219
logdev_ebpf_shared,4,2026-06-15T18:46:51.600661200,2026-06-15T21:46:51.940329219
logdev_ebpf_shared,4,2026-06-15T18:46:51.600661200,2026-06-15T21:46:51.940498594
logdev_ebpf_shared,4,2026-06-15T18:46:51.600661200,2026-06-15T21:46:51.940498594
logdev_ebpf_shared,4,2026-06-15T18:46:51.600661200,2026-06-15T21:46:51.940665781
logdev_ebpf_shared,4,2026-06-15T18:46:51.600661200,2026-06-15T21:46:51.940665781
logdev_ebpf_shared,4,2026-06-15T18:46:51.600661200,2026-06-15T21:46:51.940844063
logdev_ebpf_shared,4,2026-06-15T18:46:51.600661200,2026-06-15T21:46:51.940844063
logdev_ebpf_shared,4,2026-06-15T18:46:51.607179200,2026-06-15T21:46:51.940985781
logdev_ebpf_shared,4,2026-06-15T18:46:51.607179200,2026-06-15T21:46:51.941078125
logdev_ebpf_shared,4,2026-06-15T18:46:51.607179200,2026-06-15T21:46:51.941167344
logdev_ebpf_shared,4,2026-06-15T18:46:51.607179200,2026-06-15T21:46:51.941167344
logdev_ebpf_shared,4,2026-06-15T18:46:51.607179200,2026-06-15T21:46:51.941256094
logdev_ebpf_shared,4,2026-06-15T18:46:51.607179200,2026-06-15T21:46:51.941345938
logdev_ebpf_shared,4,2026-06-15T18:46:51.607179200,2026-06-15T21:46:51.941435625
logdev_ebpf_shared,4,2026-06-15T18:46:51.607179200,2026-06-15T21:46:51.941435625
logdev_ebpf_shared,4,2026-06-15T18:46:51.607179200,2026-06-15T21:46:51.941525000
logdev_ebpf_shared,4,2026-06-15T18:46:51.607179200,2026-06-15T21:46:51.941613906
logdev_ebpf_shared,4,2026-06-15T18:46:51.607179200,2026-06-15T21:46:51.941613906
logdev_ebpf_shared,4,2026-06-15T18:46:51.607179200,2026-06-15T21:46:51.941745000
logdev_ebpf_shared,4,2026-06-15T18:46:51.607179200,2026-06-15T21:46:51.941745000
logdev_ebpf_shared,4,2026-06-15T18:46:51.607179200,2026-06-15T21:46:51.941907813
logdev_ebpf_shared,4,2026-06-15T18:46:51.607179200,2026-06-15T21:46:51.941907813
logdev_ebpf_shared,4,2026-06-15T18:46:51.607179200,2026-06-15T21:46:51.942068750
logdev_ebpf_shared,4,2026-06-15T18:46:51.607179200,2026-06-15T21:46:51.942068750
logdev_ebpf_shared,4,2026-06-15T18:46:51.607179200,2026-06-15T21:46:51.942226406
logdev_ebpf_shared,4,2026-06-15T18:46:51.607179200,2026-06-15T21:46:51.942226406
logdev_ebpf_shared,4,2026-06-15T18:46:51.607179200,2026-06-15T21:46:51.942385469
logdev_ebpf_shared,4,2026-06-15T18:46:51.607179200,2026-06-15T21:46:51.942385469
logdev_ebpf_shared,4,2026-06-15T18:46:51.607179200,2026-06-15T21:46:51.942547813
logdev_ebpf_shared,4,2026-06-15T18:46:51.607179200,2026-06-15T21:46:51.942547813
logdev_ebpf_shared,4,2026-06-15T18:46:51.607179200,2026-06-15T21:46:51.942708906
logdev_ebpf_shared,4,2026-06-15T18:46:51.607179200,2026-06-15T21:46:51.942708906
logdev_ebpf_shared,4,2026-06-15T18:46:51.609195300,2026-06-15T21:46:51.942890625
logdev_ebpf_shared,4,2026-06-15T18:46:51.609195300,2026-06-15T21:46:51.942890625
logdev_ebpf_shared,4,2026-06-15T18:46:51.609195300,2026-06-15T21:46:51.943039219
logdev_ebpf_shared,4,2026-06-15T18:46:51.609195300,2026-06-15T21:46:51.943039219
logdev_ebpf_shared,4,2026-06-15T18:46:51.609195300,2026-06-15T21:46:51.943165469
logdev_ebpf_shared,4,2026-06-15T18:46:51.609195300,2026-06-15T21:46:51.943256563
logdev_ebpf_shared,4,2026-06-15T18:46:51.609195300,2026-06-15T21:46:51.943345938
logdev_ebpf_shared,4,2026-06-15T18:46:51.609195300,2026-06-15T21:46:51.943345938
logdev_ebpf_shared,4,2026-06-15T18:46:51.609195300,2026-06-15T21:46:51.943435469
logdev_ebpf_shared,4,2026-06-15T18:46:51.609195300,2026-06-15T21:46:51.943529375
logdev_ebpf_shared,4,2026-06-15T18:46:51.609195300,2026-06-15T21:46:51.943529375
logdev_ebpf_shared,4,2026-06-15T18:46:51.609195300,2026-06-15T21:46:51.943634844
logdev_ebpf_shared,4,2026-06-15T18:46:51.609195300,2026-06-15T21:46:51.943634844
logdev_ebpf_shared,4,2026-06-15T18:46:51.609195300,2026-06-15T21:46:51.943786719
logdev_ebpf_shared,4,2026-06-15T18:46:51.609195300,2026-06-15T21:46:51.943786719
logdev_ebpf_shared,4,2026-06-15T18:46:51.609195300,2026-06-15T21:46:51.944016250
logdev_ebpf_shared,4,2026-06-15T18:46:51.609195300,2026-06-15T21:46:51.944016250
logdev_ebpf_shared,4,2026-06-15T18:46:51.609195300,2026-06-15T21:46:51.944160938
logdev_ebpf_shared,4,2026-06-15T18:46:51.609195300,2026-06-15T21:46:51.944160938
logdev_ebpf_shared,4,2026-06-15T18:46:51.609195300,2026-06-15T21:46:51.944366563
logdev_ebpf_shared,4,2026-06-15T18:46:51.609195300,2026-06-15T21:46:51.944456250
logdev_ebpf_shared,4,2026-06-15T18:46:51.609195300,2026-06-15T21:46:51.944456250
logdev_ebpf_shared,4,2026-06-15T18:46:51.609195300,2026-06-15T21:46:51.944544219
logdev_ebpf_shared,4,2026-06-15T18:46:51.609195300,2026-06-15T21:46:51.944632188
logdev_ebpf_shared,4,2026-06-15T18:46:51.609195300,2026-06-15T21:46:51.944720469
logdev_ebpf_shared,4,2026-06-15T18:46:51.609195300,2026-06-15T21:46:51.944720469
logdev_ebpf_shared,4,2026-06-15T18:46:51.609195300,2026-06-15T21:46:51.944810625
logdev_ebpf_shared,4,2026-06-15T18:46:51.609195300,2026-06-15T21:46:51.944810625
logdev_ebpf_shared,4,2026-06-15T18:46:51.609195300,2026-06-15T21:46:51.944898750
logdev_ebpf_shared,4,2026-06-15T18:46:51.609195300,2026-06-15T21:46:51.944898750
logdev_ebpf_shared,4,2026-06-15T18:46:51.609195300,2026-06-15T21:46:51.944986094
logdev_ebpf_shared,4,2026-06-15T18:46:51.609195300,2026-06-15T21:46:51.945101875
logdev_ebpf_shared,4,2026-06-15T18:46:51.609195300,2026-06-15T21:46:51.945101875
logdev_ebpf_shared,4,2026-06-15T18:46:51.609195300,2026-06-15T21:46:51.945216250
logdev_ebpf_shared,4,2026-06-15T18:46:51.609195300,2026-06-15T21:46:51.945216250
logdev_ebpf_shared,4,2026-06-15T18:46:51.609195300,2026-06-15T21:46:51.945304688
logdev_ebpf_shared,4,2026-06-15T18:46:51.609195300,2026-06-15T21:46:51.945392031
logdev_ebpf_shared,4,2026-06-15T18:46:51.609195300,2026-06-15T21:46:51.945392031
logdev_ebpf_shared,4,2026-06-15T18:46:51.609195300,2026-06-15T21:46:51.945479375
logdev_ebpf_shared,4,2026-06-15T18:46:51.609195300,2026-06-15T21:46:51.945479375
logdev_ebpf_shared,4,2026-06-15T18:46:51.609195300,2026-06-15T21:46:51.945626875
logdev_ebpf_shared,4,2026-06-15T18:46:51.609195300,2026-06-15T21:46:51.945626875
logdev_ebpf_shared,4,2026-06-15T18:46:51.609195300,2026-06-15T21:46:51.945754375
logdev_ebpf_shared,4,2026-06-15T18:46:51.609195300,2026-06-15T21:46:51.945754375
logdev_ebpf_shared,4,2026-06-15T18:46:51.609195300,2026-06-15T21:46:51.945875938
logdev_ebpf_shared,4,2026-06-15T18:46:51.609195300,2026-06-15T21:46:51.945875938
logdev_ebpf_shared,4,2026-06-15T18:46:51.609195300,2026-06-15T21:46:51.946007500
logdev_ebpf_shared,4,2026-06-15T18:46:51.609195300,2026-06-15T21:46:51.946007500
logdev_ebpf_shared,4,2026-06-15T18:46:51.612443400,2026-06-15T21:46:51.946172813
logdev_ebpf_shared,4,2026-06-15T18:46:51.612443400,2026-06-15T21:46:51.946260781
logdev_ebpf_shared,4,2026-06-15T18:46:51.612443400,2026-06-15T21:46:51.946260781
logdev_ebpf_shared,4,2026-06-15T18:46:51.612443400,2026-06-15T21:46:51.946348594
logdev_ebpf_shared,4,2026-06-15T18:46:51.612443400,2026-06-15T21:46:51.946348594
logdev_ebpf_shared,4,2026-06-15T18:46:51.612443400,2026-06-15T21:46:51.946439063
logdev_ebpf_shared,4,2026-06-15T18:46:51.612443400,2026-06-15T21:46:51.946532031
logdev_ebpf_shared,4,2026-06-15T18:46:51.612443400,2026-06-15T21:46:51.946532031
logdev_ebpf_shared,4,2026-06-15T18:46:51.612443400,2026-06-15T21:46:51.946620313
logdev_ebpf_shared,4,2026-06-15T18:46:51.612443400,2026-06-15T21:46:51.946708125
logdev_ebpf_shared,4,2026-06-15T18:46:51.612443400,2026-06-15T21:46:51.946708125
logdev_ebpf_shared,4,2026-06-15T18:46:51.612443400,2026-06-15T21:46:51.946796250
logdev_ebpf_shared,4,2026-06-15T18:46:51.612443400,2026-06-15T21:46:51.946796250
logdev_ebpf_shared,4,2026-06-15T18:46:51.612443400,2026-06-15T21:46:51.946882969
logdev_ebpf_shared,4,2026-06-15T18:46:51.612443400,2026-06-15T21:46:51.946969375
logdev_ebpf_shared,4,2026-06-15T18:46:51.612443400,2026-06-15T21:46:51.946969375
logdev_ebpf_shared,4,2026-06-15T18:46:51.612443400,2026-06-15T21:46:51.947057344
logdev_ebpf_shared,4,2026-06-15T18:46:51.612443400,2026-06-15T21:46:51.947057344
logdev_ebpf_shared,4,2026-06-15T18:46:51.612443400,2026-06-15T21:46:51.947144844
logdev_ebpf_shared,4,2026-06-15T18:46:51.612443400,2026-06-15T21:46:51.947232813
logdev_ebpf_shared,4,2026-06-15T18:46:51.612443400,2026-06-15T21:46:51.947232813
logdev_ebpf_shared,4,2026-06-15T18:46:51.612443400,2026-06-15T21:46:51.947320313
logdev_ebpf_shared,4,2026-06-15T18:46:51.612443400,2026-06-15T21:46:51.947407813
logdev_ebpf_shared,4,2026-06-15T18:46:51.612443400,2026-06-15T21:46:51.947407813
logdev_ebpf_shared,4,2026-06-15T18:46:51.612443400,2026-06-15T21:46:51.947496094
logdev_ebpf_shared,4,2026-06-15T18:46:51.612443400,2026-06-15T21:46:51.947496094
logdev_ebpf_shared,4,2026-06-15T18:46:51.612443400,2026-06-15T21:46:51.947607813
logdev_ebpf_shared,4,2026-06-15T18:46:51.612443400,2026-06-15T21:46:51.947607813
logdev_ebpf_shared,4,2026-06-15T18:46:51.612443400,2026-06-15T21:46:51.947732500
logdev_ebpf_shared,4,2026-06-15T18:46:51.612443400,2026-06-15T21:46:51.947732500
logdev_ebpf_shared,4,2026-06-15T18:46:51.612443400,2026-06-15T21:46:51.948006406
logdev_ebpf_shared,4,2026-06-15T18:46:51.612443400,2026-06-15T21:46:51.948006406
logdev_ebpf_shared,4,2026-06-15T18:46:51.612443400,2026-06-15T21:46:51.948304688
logdev_ebpf_shared,4,2026-06-15T18:46:51.612443400,2026-06-15T21:46:51.948304688
logdev_ebpf_shared,4,2026-06-15T18:46:51.612443400,2026-06-15T21:46:51.948304688
logdev_ebpf_shared,4,2026-06-15T18:46:51.614448900,2026-06-15T21:46:51.948304688
logdev_ebpf_shared,4,2026-06-15T18:46:51.614448900,2026-06-15T21:46:51.948304688
logdev_ebpf_shared,4,2026-06-15T18:46:51.614448900,2026-06-15T21:46:51.948304688
logdev_ebpf_shared,4,2026-06-15T18:46:51.614448900,2026-06-15T21:46:51.948304688
logdev_ebpf_shared,4,2026-06-15T18:46:51.614448900,2026-06-15T21:46:51.948474531
logdev_ebpf_shared,4,2026-06-15T18:46:51.614448900,2026-06-15T21:46:51.948474531
logdev_ebpf_shared,4,2026-06-15T18:46:51.614448900,2026-06-15T21:46:51.948622500
logdev_ebpf_shared,4,2026-06-15T18:46:51.614448900,2026-06-15T21:46:51.948622500
logdev_ebpf_shared,4,2026-06-15T18:46:51.614448900,2026-06-15T21:46:51.948766250
logdev_ebpf_shared,4,2026-06-15T18:46:51.614448900,2026-06-15T21:46:51.948766250
logdev_ebpf_shared,4,2026-06-15T18:46:51.614448900,2026-06-15T21:46:51.948766250
logdev_ebpf_shared,4,2026-06-15T18:46:51.614448900,2026-06-15T21:46:51.948911250
logdev_ebpf_shared,4,2026-06-15T18:46:51.614448900,2026-06-15T21:46:51.948911250
logdev_ebpf_shared,4,2026-06-15T18:46:51.614448900,2026-06-15T21:46:51.949054531
logdev_ebpf_shared,4,2026-06-15T18:46:51.614448900,2026-06-15T21:46:51.949054531
logdev_ebpf_shared,4,2026-06-15T18:46:51.614448900,2026-06-15T21:46:51.949054531
logdev_ebpf_shared,4,2026-06-15T18:46:51.614448900,2026-06-15T21:46:51.949214375
logdev_ebpf_shared,4,2026-06-15T18:46:51.615455100,2026-06-15T21:46:51.949214375
logdev_ebpf_shared,4,2026-06-15T18:46:51.615455100,2026-06-15T21:46:51.949401406
logdev_ebpf_shared,4,2026-06-15T18:46:51.615455100,2026-06-15T21:46:51.949401406
logdev_ebpf_shared,4,2026-06-15T18:46:51.615455100,2026-06-15T21:46:51.949401406
logdev_ebpf_shared,4,2026-06-15T18:46:51.615455100,2026-06-15T21:46:51.949401406
logdev_ebpf_shared,4,2026-06-15T18:46:51.615455100,2026-06-15T21:46:51.949555000
logdev_ebpf_shared,4,2026-06-15T18:46:51.615455100,2026-06-15T21:46:51.949555000
logdev_ebpf_shared,4,2026-06-15T18:46:51.615455100,2026-06-15T21:46:51.949709844
logdev_ebpf_shared,4,2026-06-15T18:46:51.615455100,2026-06-15T21:46:51.949709844
logdev_ebpf_shared,4,2026-06-15T18:46:51.615455100,2026-06-15T21:46:51.949709844
logdev_ebpf_shared,4,2026-06-15T18:46:51.615455100,2026-06-15T21:46:51.949855625
logdev_ebpf_shared,4,2026-06-15T18:46:51.615455100,2026-06-15T21:46:51.949855625
logdev_ebpf_shared,4,2026-06-15T18:46:51.615455100,2026-06-15T21:46:51.949855625
logdev_ebpf_shared,4,2026-06-15T18:46:51.615455100,2026-06-15T21:46:51.950004375
logdev_ebpf_shared,4,2026-06-15T18:46:51.615455100,2026-06-15T21:46:51.950004375
logdev_ebpf_shared,4,2026-06-15T18:46:51.615455100,2026-06-15T21:46:51.950147500
logdev_ebpf_shared,4,2026-06-15T18:46:51.615455100,2026-06-15T21:46:51.950147500
logdev_ebpf_shared,4,2026-06-15T18:46:51.615455100,2026-06-15T21:46:51.950291563
logdev_ebpf_shared,4,2026-06-15T18:46:51.615455100,2026-06-15T21:46:51.950291563
logdev_ebpf_shared,4,2026-06-15T18:46:51.615455100,2026-06-15T21:46:51.950291563
logdev_ebpf_shared,4,2026-06-15T18:46:51.615455100,2026-06-15T21:46:51.950435000
logdev_ebpf_shared,4,2026-06-15T18:46:51.615455100,2026-06-15T21:46:51.950435000
logdev_ebpf_shared,4,2026-06-15T18:46:51.615455100,2026-06-15T21:46:51.950435000
logdev_ebpf_shared,4,2026-06-15T18:46:51.615455100,2026-06-15T21:46:51.950577188
logdev_ebpf_shared,4,2026-06-15T18:46:51.615455100,2026-06-15T21:46:51.950577188
logdev_ebpf_shared,4,2026-06-15T18:46:51.616959800,2026-06-15T21:46:51.950754688
logdev_ebpf_shared,4,2026-06-15T18:46:51.616959800,2026-06-15T21:46:51.950754688
logdev_ebpf_shared,4,2026-06-15T18:46:51.616959800,2026-06-15T21:46:51.950754688
logdev_ebpf_shared,4,2026-06-15T18:46:51.616959800,2026-06-15T21:46:51.950908594
logdev_ebpf_shared,4,2026-06-15T18:46:51.616959800,2026-06-15T21:46:51.950908594
logdev_ebpf_shared,4,2026-06-15T18:46:51.616959800,2026-06-15T21:46:51.951052500
logdev_ebpf_shared,4,2026-06-15T18:46:51.616959800,2026-06-15T21:46:51.951052500
logdev_ebpf_shared,4,2026-06-15T18:46:51.616959800,2026-06-15T21:46:51.951052500
logdev_ebpf_shared,4,2026-06-15T18:46:51.616959800,2026-06-15T21:46:51.951195625
logdev_ebpf_shared,4,2026-06-15T18:46:51.616959800,2026-06-15T21:46:51.951195625
logdev_ebpf_shared,4,2026-06-15T18:46:51.616959800,2026-06-15T21:46:51.951395469
logdev_ebpf_shared,4,2026-06-15T18:46:51.616959800,2026-06-15T21:46:51.951395469
logdev_ebpf_shared,4,2026-06-15T18:46:51.616959800,2026-06-15T21:46:51.951395469
logdev_ebpf_shared,4,2026-06-15T18:46:51.616959800,2026-06-15T21:46:51.951395469
logdev_ebpf_shared,4,2026-06-15T18:46:51.616959800,2026-06-15T21:46:51.951618125
logdev_ebpf_shared,4,2026-06-15T18:46:51.616959800,2026-06-15T21:46:51.951618125
logdev_ebpf_shared,4,2026-06-15T18:46:51.616959800,2026-06-15T21:46:51.951618125
logdev_ebpf_shared,4,2026-06-15T18:46:51.616959800,2026-06-15T21:46:51.951618125
logdev_ebpf_shared,4,2026-06-15T18:46:51.616959800,2026-06-15T21:46:51.951872031
logdev_ebpf_shared,4,2026-06-15T18:46:51.616959800,2026-06-15T21:46:51.951872031
logdev_ebpf_shared,4,2026-06-15T18:46:51.616959800,2026-06-15T21:46:51.951872031
logdev_ebpf_shared,4,2026-06-15T18:46:51.616959800,2026-06-15T21:46:51.951872031
logdev_ebpf_shared,4,2026-06-15T18:46:51.616959800,2026-06-15T21:46:51.952107188
logdev_ebpf_shared,4,2026-06-15T18:46:51.616959800,2026-06-15T21:46:51.952107188
logdev_ebpf_shared,4,2026-06-15T18:46:51.616959800,2026-06-15T21:46:51.952107188
logdev_ebpf_shared,4,2026-06-15T18:46:51.616959800,2026-06-15T21:46:51.952107188
logdev_ebpf_shared,4,2026-06-15T18:46:51.616959800,2026-06-15T21:46:51.952270469
logdev_ebpf_shared,4,2026-06-15T18:46:51.616959800,2026-06-15T21:46:51.952270469
logdev_ebpf_shared,4,2026-06-15T18:46:51.616959800,2026-06-15T21:46:51.952270469
logdev_ebpf_shared,4,2026-06-15T18:46:51.616959800,2026-06-15T21:46:51.952460938
logdev_ebpf_shared,4,2026-06-15T18:46:51.616959800,2026-06-15T21:46:51.952460938
logdev_ebpf_shared,4,2026-06-15T18:46:51.616959800,2026-06-15T21:46:51.952640781
logdev_ebpf_shared,4,2026-06-15T18:46:51.616959800,2026-06-15T21:46:51.952640781
logdev_ebpf_shared,4,2026-06-15T18:46:51.616959800,2026-06-15T21:46:51.952865156
logdev_ebpf_shared,4,2026-06-15T18:46:51.616959800,2026-06-15T21:46:51.952865156
logdev_ebpf_shared,4,2026-06-15T18:46:51.616959800,2026-06-15T21:46:51.952865156
logdev_ebpf_shared,4,2026-06-15T18:46:51.616959800,2026-06-15T21:46:51.952865156
logdev_ebpf_shared,4,2026-06-15T18:46:51.616959800,2026-06-15T21:46:51.953036094
logdev_ebpf_shared,4,2026-06-15T18:46:51.616959800,2026-06-15T21:46:51.953036094
logdev_ebpf_shared,4,2026-06-15T18:46:51.616959800,2026-06-15T21:46:51.953036094
logdev_ebpf_shared,4,2026-06-15T18:46:51.616959800,2026-06-15T21:46:51.953036094
logdev_ebpf_shared,4,2026-06-15T18:46:51.616959800,2026-06-15T21:46:51.953212969
logdev_ebpf_shared,4,2026-06-15T18:46:51.616959800,2026-06-15T21:46:51.953212969
logdev_ebpf_shared,4,2026-06-15T18:46:51.616959800,2026-06-15T21:46:51.953212969
logdev_ebpf_shared,4,2026-06-15T18:46:51.616959800,2026-06-15T21:46:51.953366094
logdev_ebpf_shared,4,2026-06-15T18:46:51.616959800,2026-06-15T21:46:51.953562656
logdev_ebpf_shared,4,2026-06-15T18:46:51.616959800,2026-06-15T21:46:51.953562656
logdev_ebpf_shared,4,2026-06-15T18:46:51.616959800,2026-06-15T21:46:51.953562656
logdev_ebpf_shared,4,2026-06-15T18:46:51.616959800,2026-06-15T21:46:51.953562656
logdev_ebpf_shared,4,2026-06-15T18:46:51.616959800,2026-06-15T21:46:51.953736563
logdev_ebpf_shared,4,2026-06-15T18:46:51.616959800,2026-06-15T21:46:51.953736563
logdev_ebpf_shared,4,2026-06-15T18:46:51.616959800,2026-06-15T21:46:51.953736563
logdev_ebpf_shared,4,2026-06-15T18:46:51.616959800,2026-06-15T21:46:51.953986094
logdev_ebpf_shared,4,2026-06-15T18:46:51.616959800,2026-06-15T21:46:51.953986094
logdev_ebpf_shared,4,2026-06-15T18:46:51.616959800,2026-06-15T21:46:51.953986094
logdev_ebpf_shared,4,2026-06-15T18:46:51.616959800,2026-06-15T21:46:51.953986094
logdev_ebpf_shared,4,2026-06-15T18:46:51.616959800,2026-06-15T21:46:51.954177344
logdev_ebpf_shared,4,2026-06-15T18:46:51.616959800,2026-06-15T21:46:51.954177344
logdev_ebpf_shared,4,2026-06-15T18:46:51.616959800,2026-06-15T21:46:51.954177344
logdev_ebpf_shared,4,2026-06-15T18:46:51.616959800,2026-06-15T21:46:51.954177344
logdev_ebpf_shared,4,2026-06-15T18:46:51.616959800,2026-06-15T21:46:51.954328906
logdev_ebpf_shared,4,2026-06-15T18:46:51.616959800,2026-06-15T21:46:51.954328906
logdev_ebpf_shared,4,2026-06-15T18:46:51.616959800,2026-06-15T21:46:51.954473125
logdev_ebpf_shared,4,2026-06-15T18:46:51.616959800,2026-06-15T21:46:51.954473125
logdev_ebpf_shared,4,2026-06-15T18:46:51.616959800,2026-06-15T21:46:51.954473125
logdev_ebpf_shared,4,2026-06-15T18:46:51.616959800,2026-06-15T21:46:51.954473125
logdev_ebpf_shared,4,2026-06-15T18:46:51.616959800,2026-06-15T21:46:51.954617188
logdev_ebpf_shared,4,2026-06-15T18:46:51.616959800,2026-06-15T21:46:51.954617188
logdev_ebpf_shared,4,2026-06-15T18:46:51.616959800,2026-06-15T21:46:51.954760781
logdev_ebpf_shared,4,2026-06-15T18:46:51.616959800,2026-06-15T21:46:51.954760781
logdev_ebpf_shared,4,2026-06-15T18:46:51.616959800,2026-06-15T21:46:51.954906250
logdev_ebpf_shared,4,2026-06-15T18:46:51.616959800,2026-06-15T21:46:51.954906250
logdev_ebpf_shared,4,2026-06-15T18:46:51.616959800,2026-06-15T21:46:51.954906250
logdev_ebpf_shared,4,2026-06-15T18:46:51.616959800,2026-06-15T21:46:51.954906250
logdev_ebpf_shared,4,2026-06-15T18:46:51.616959800,2026-06-15T21:46:51.955055313
logdev_ebpf_shared,4,2026-06-15T18:46:51.616959800,2026-06-15T21:46:51.955055313
logdev_ebpf_shared,4,2026-06-15T18:46:51.616959800,2026-06-15T21:46:51.955197969
logdev_ebpf_shared,4,2026-06-15T18:46:51.616959800,2026-06-15T21:46:51.955197969
logdev_ebpf_shared,4,2026-06-15T18:46:51.616959800,2026-06-15T21:46:51.955197969
logdev_ebpf_shared,4,2026-06-15T18:46:51.616959800,2026-06-15T21:46:51.955342031
logdev_ebpf_shared,4,2026-06-15T18:46:51.616959800,2026-06-15T21:46:51.955342031
logdev_ebpf_shared,4,2026-06-15T18:46:51.616959800,2026-06-15T21:46:51.955342031
logdev_ebpf_shared,4,2026-06-15T18:46:51.616959800,2026-06-15T21:46:51.955488750
logdev_ebpf_shared,4,2026-06-15T18:46:51.616959800,2026-06-15T21:46:51.955488750
logdev_ebpf_shared,4,2026-06-15T18:46:51.616959800,2026-06-15T21:46:51.955488750
logdev_ebpf_shared,4,2026-06-15T18:46:51.616959800,2026-06-15T21:46:51.955632188
logdev_ebpf_shared,4,2026-06-15T18:46:51.616959800,2026-06-15T21:46:51.955632188
logdev_ebpf_shared,4,2026-06-15T18:46:51.616959800,2026-06-15T21:46:51.955774219
logdev_ebpf_shared,4,2026-06-15T18:46:51.616959800,2026-06-15T21:46:51.955774219
logdev_ebpf_shared,4,2026-06-15T18:46:51.616959800,2026-06-15T21:46:51.955774219
logdev_ebpf_shared,4,2026-06-15T18:46:51.616959800,2026-06-15T21:46:51.955774219
logdev_ebpf_shared,4,2026-06-15T18:46:51.616959800,2026-06-15T21:46:51.955944375
logdev_ebpf_shared,4,2026-06-15T18:46:51.616959800,2026-06-15T21:46:51.955944375
logdev_ebpf_shared,4,2026-06-15T18:46:51.616959800,2026-06-15T21:46:51.956089375
logdev_ebpf_shared,4,2026-06-15T18:46:51.616959800,2026-06-15T21:46:51.956089375
logdev_ebpf_shared,4,2026-06-15T18:46:51.616959800,2026-06-15T21:46:51.956232969
logdev_ebpf_shared,4,2026-06-15T18:46:51.616959800,2026-06-15T21:46:51.956232969
logdev_ebpf_shared,4,2026-06-15T18:46:51.616959800,2026-06-15T21:46:51.956232969
logdev_ebpf_shared,4,2026-06-15T18:46:51.616959800,2026-06-15T21:46:51.956232969
logdev_ebpf_shared,4,2026-06-15T18:46:51.616959800,2026-06-15T21:46:51.956419688
logdev_ebpf_shared,4,2026-06-15T18:46:51.616959800,2026-06-15T21:46:51.956566250
logdev_ebpf_shared,4,2026-06-15T18:46:51.616959800,2026-06-15T21:46:51.956566250
logdev_ebpf_shared,4,2026-06-15T18:46:51.616959800,2026-06-15T21:46:51.956708125
logdev_ebpf_shared,4,2026-06-15T18:46:51.616959800,2026-06-15T21:46:51.956708125
logdev_ebpf_shared,4,2026-06-15T18:46:51.616959800,2026-06-15T21:46:51.956708125
logdev_ebpf_shared,4,2026-06-15T18:46:51.616959800,2026-06-15T21:46:51.956858906
logdev_ebpf_shared,4,2026-06-15T18:46:51.616959800,2026-06-15T21:46:51.956858906
logdev_ebpf_shared,4,2026-06-15T18:46:51.616959800,2026-06-15T21:46:51.956858906
logdev_ebpf_shared,4,2026-06-15T18:46:51.616959800,2026-06-15T21:46:51.957001406
logdev_ebpf_shared,4,2026-06-15T18:46:51.616959800,2026-06-15T21:46:51.957001406
logdev_ebpf_shared,4,2026-06-15T18:46:51.616959800,2026-06-15T21:46:51.957149844
logdev_ebpf_shared,4,2026-06-15T18:46:51.616959800,2026-06-15T21:46:51.957149844
logdev_ebpf_shared,4,2026-06-15T18:46:51.616959800,2026-06-15T21:46:51.957292656
logdev_ebpf_shared,4,2026-06-15T18:46:51.616959800,2026-06-15T21:46:51.957292656
logdev_ebpf_shared,4,2026-06-15T18:46:51.616959800,2026-06-15T21:46:51.957292656
logdev_ebpf_shared,4,2026-06-15T18:46:51.616959800,2026-06-15T21:46:51.957292656
logdev_ebpf_shared,4,2026-06-15T18:46:51.616959800,2026-06-15T21:46:51.957436563
logdev_ebpf_shared,4,2026-06-15T18:46:51.616959800,2026-06-15T21:46:51.957436563
logdev_ebpf_shared,4,2026-06-15T18:46:51.616959800,2026-06-15T21:46:51.957579063
logdev_ebpf_shared,4,2026-06-15T18:46:51.616959800,2026-06-15T21:46:51.957579063
logdev_ebpf_shared,4,2026-06-15T18:46:51.616959800,2026-06-15T21:46:51.957721406
logdev_ebpf_shared,4,2026-06-15T18:46:51.616959800,2026-06-15T21:46:51.957721406
logdev_ebpf_shared,4,2026-06-15T18:46:51.616959800,2026-06-15T21:46:51.957721406
logdev_ebpf_shared,4,2026-06-15T18:46:51.616959800,2026-06-15T21:46:51.957721406
logdev_ebpf_shared,4,2026-06-15T18:46:51.616959800,2026-06-15T21:46:51.957862813
logdev_ebpf_shared,4,2026-06-15T18:46:51.616959800,2026-06-15T21:46:51.957862813
logdev_ebpf_shared,4,2026-06-15T18:46:51.616959800,2026-06-15T21:46:51.958005156
logdev_ebpf_shared,4,2026-06-15T18:46:51.616959800,2026-06-15T21:46:51.958005156
logdev_ebpf_shared,4,2026-06-15T18:46:51.616959800,2026-06-15T21:46:51.958146719
logdev_ebpf_shared,4,2026-06-15T18:46:51.616959800,2026-06-15T21:46:51.958146719
logdev_ebpf_shared,4,2026-06-15T18:46:51.616959800,2026-06-15T21:46:51.958286875
logdev_ebpf_shared,4,2026-06-15T18:46:51.616959800,2026-06-15T21:46:51.958286875
logdev_ebpf_shared,4,2026-06-15T18:46:51.624546700,2026-06-15T21:46:51.958286875
logdev_ebpf_shared,4,2026-06-15T18:46:51.624546700,2026-06-15T21:46:51.958286875
logdev_ebpf_shared,4,2026-06-15T18:46:51.624546700,2026-06-15T21:46:51.958444219
logdev_ebpf_shared,4,2026-06-15T18:46:51.624546700,2026-06-15T21:46:51.958444219
logdev_ebpf_shared,4,2026-06-15T18:46:51.624546700,2026-06-15T21:46:51.958612656
logdev_ebpf_shared,4,2026-06-15T18:46:51.624546700,2026-06-15T21:46:51.958612656
logdev_ebpf_shared,4,2026-06-15T18:46:51.624546700,2026-06-15T21:46:51.958612656
logdev_ebpf_shared,4,2026-06-15T18:46:51.624546700,2026-06-15T21:46:51.958612656
logdev_ebpf_shared,4,2026-06-15T18:46:51.624546700,2026-06-15T21:46:51.958763438
logdev_ebpf_shared,4,2026-06-15T18:46:51.624546700,2026-06-15T21:46:51.958763438
logdev_ebpf_shared,4,2026-06-15T18:46:51.624546700,2026-06-15T21:46:51.958903906
logdev_ebpf_shared,4,2026-06-15T18:46:51.624546700,2026-06-15T21:46:51.958903906
logdev_ebpf_shared,4,2026-06-15T18:46:51.624546700,2026-06-15T21:46:51.958903906
logdev_ebpf_shared,4,2026-06-15T18:46:51.624546700,2026-06-15T21:46:51.958903906
logdev_ebpf_shared,4,2026-06-15T18:46:51.624546700,2026-06-15T21:46:51.959044531
logdev_ebpf_shared,4,2026-06-15T18:46:51.624546700,2026-06-15T21:46:51.959044531
logdev_ebpf_shared,4,2026-06-15T18:46:51.624546700,2026-06-15T21:46:51.959183906
logdev_ebpf_shared,4,2026-06-15T18:46:51.624546700,2026-06-15T21:46:51.959183906
logdev_ebpf_shared,4,2026-06-15T18:46:51.624546700,2026-06-15T21:46:51.959183906
logdev_ebpf_shared,4,2026-06-15T18:46:51.624546700,2026-06-15T21:46:51.959329219
logdev_ebpf_shared,4,2026-06-15T18:46:51.624546700,2026-06-15T21:46:51.959329219
logdev_ebpf_shared,4,2026-06-15T18:46:51.624546700,2026-06-15T21:46:51.959329219
logdev_ebpf_shared,4,2026-06-15T18:46:51.624546700,2026-06-15T21:46:51.959472656
logdev_ebpf_shared,4,2026-06-15T18:46:51.624546700,2026-06-15T21:46:51.959472656
logdev_ebpf_shared,4,2026-06-15T18:46:51.624546700,2026-06-15T21:46:51.959472656
logdev_ebpf_shared,4,2026-06-15T18:46:51.624546700,2026-06-15T21:46:51.959614063
logdev_ebpf_shared,4,2026-06-15T18:46:51.624546700,2026-06-15T21:46:51.959614063
logdev_ebpf_shared,4,2026-06-15T18:46:51.624546700,2026-06-15T21:46:51.959614063
logdev_ebpf_shared,4,2026-06-15T18:46:51.624546700,2026-06-15T21:46:51.959755000
logdev_ebpf_shared,4,2026-06-15T18:46:51.624546700,2026-06-15T21:46:51.959755000
logdev_ebpf_shared,4,2026-06-15T18:46:51.624546700,2026-06-15T21:46:51.959956875
logdev_ebpf_shared,4,2026-06-15T18:46:51.624546700,2026-06-15T21:46:51.959956875
logdev_ebpf_shared,4,2026-06-15T18:46:51.624546700,2026-06-15T21:46:51.959956875
logdev_ebpf_shared,4,2026-06-15T18:46:51.624546700,2026-06-15T21:46:51.959956875
logdev_ebpf_shared,4,2026-06-15T18:46:51.624546700,2026-06-15T21:46:51.960136250
logdev_ebpf_shared,4,2026-06-15T18:46:51.624546700,2026-06-15T21:46:51.960136250
logdev_ebpf_shared,4,2026-06-15T18:46:51.624546700,2026-06-15T21:46:51.960136250
logdev_ebpf_shared,4,2026-06-15T18:46:51.624546700,2026-06-15T21:46:51.960288438
logdev_ebpf_shared,4,2026-06-15T18:46:51.624546700,2026-06-15T21:46:51.960288438
logdev_ebpf_shared,4,2026-06-15T18:46:51.624546700,2026-06-15T21:46:51.960431094
logdev_ebpf_shared,4,2026-06-15T18:46:51.624546700,2026-06-15T21:46:51.960431094
logdev_ebpf_shared,4,2026-06-15T18:46:51.624546700,2026-06-15T21:46:51.960431094
logdev_ebpf_shared,4,2026-06-15T18:46:51.624546700,2026-06-15T21:46:51.960571875
logdev_ebpf_shared,4,2026-06-15T18:46:51.624546700,2026-06-15T21:46:51.960571875
logdev_ebpf_shared,4,2026-06-15T18:46:51.624546700,2026-06-15T21:46:51.960571875
logdev_ebpf_shared,4,2026-06-15T18:46:51.624546700,2026-06-15T21:46:51.960713594
logdev_ebpf_shared,4,2026-06-15T18:46:51.624546700,2026-06-15T21:46:51.960713594
logdev_ebpf_shared,4,2026-06-15T18:46:51.624546700,2026-06-15T21:46:51.960713594
logdev_ebpf_shared,4,2026-06-15T18:46:51.624546700,2026-06-15T21:46:51.960856563
logdev_ebpf_shared,4,2026-06-15T18:46:51.624546700,2026-06-15T21:46:51.960856563
logdev_ebpf_shared,4,2026-06-15T18:46:51.624546700,2026-06-15T21:46:51.960999219
logdev_ebpf_shared,4,2026-06-15T18:46:51.624546700,2026-06-15T21:46:51.960999219
logdev_ebpf_shared,4,2026-06-15T18:46:51.624546700,2026-06-15T21:46:51.960999219
logdev_ebpf_shared,4,2026-06-15T18:46:51.624546700,2026-06-15T21:46:51.960999219
logdev_ebpf_shared,4,2026-06-15T18:46:51.624546700,2026-06-15T21:46:51.961139531
logdev_ebpf_shared,4,2026-06-15T18:46:51.624546700,2026-06-15T21:46:51.961139531
logdev_ebpf_shared,4,2026-06-15T18:46:51.624546700,2026-06-15T21:46:51.961281719
logdev_ebpf_shared,4,2026-06-15T18:46:51.624546700,2026-06-15T21:46:51.961281719
logdev_ebpf_shared,4,2026-06-15T18:46:51.624546700,2026-06-15T21:46:51.961423438
logdev_ebpf_shared,4,2026-06-15T18:46:51.624546700,2026-06-15T21:46:51.961423438
logdev_ebpf_shared,4,2026-06-15T18:46:51.624546700,2026-06-15T21:46:51.961571563
logdev_ebpf_shared,4,2026-06-15T18:46:51.624546700,2026-06-15T21:46:51.961571563
logdev_ebpf_shared,4,2026-06-15T18:46:51.624546700,2026-06-15T21:46:51.961571563
logdev_ebpf_shared,4,2026-06-15T18:46:51.624546700,2026-06-15T21:46:51.961571563
logdev_ebpf_shared,4,2026-06-15T18:46:51.624546700,2026-06-15T21:46:51.961714219
logdev_ebpf_shared,4,2026-06-15T18:46:51.624546700,2026-06-15T21:46:51.961714219
logdev_ebpf_shared,4,2026-06-15T18:46:51.628022900,2026-06-15T21:46:51.961856563
logdev_ebpf_shared,4,2026-06-15T18:46:51.628022900,2026-06-15T21:46:51.961856563
logdev_ebpf_shared,4,2026-06-15T18:46:51.628022900,2026-06-15T21:46:51.961856563
logdev_ebpf_shared,4,2026-06-15T18:46:51.628022900,2026-06-15T21:46:51.961856563
logdev_ebpf_shared,4,2026-06-15T18:46:51.628022900,2026-06-15T21:46:51.962005469
logdev_ebpf_shared,4,2026-06-15T18:46:51.628022900,2026-06-15T21:46:51.962005469
logdev_ebpf_shared,4,2026-06-15T18:46:51.628022900,2026-06-15T21:46:51.962170781
logdev_ebpf_shared,4,2026-06-15T18:46:51.628022900,2026-06-15T21:46:51.962170781
logdev_ebpf_shared,4,2026-06-15T18:46:51.628022900,2026-06-15T21:46:51.962316875
logdev_ebpf_shared,4,2026-06-15T18:46:51.628022900,2026-06-15T21:46:51.962316875
logdev_ebpf_shared,4,2026-06-15T18:46:51.628022900,2026-06-15T21:46:51.962316875
logdev_ebpf_shared,4,2026-06-15T18:46:51.628022900,2026-06-15T21:46:51.962316875
logdev_ebpf_shared,4,2026-06-15T18:46:51.628022900,2026-06-15T21:46:51.962461094
logdev_ebpf_shared,4,2026-06-15T18:46:51.628022900,2026-06-15T21:46:51.962461094
logdev_ebpf_shared,4,2026-06-15T18:46:51.628022900,2026-06-15T21:46:51.962461094
logdev_ebpf_shared,4,2026-06-15T18:46:51.628022900,2026-06-15T21:46:51.962605938
logdev_ebpf_shared,4,2026-06-15T18:46:51.628022900,2026-06-15T21:46:51.962605938
logdev_ebpf_shared,4,2026-06-15T18:46:51.628022900,2026-06-15T21:46:51.962605938
logdev_ebpf_shared,4,2026-06-15T18:46:51.628022900,2026-06-15T21:46:51.962748906
logdev_ebpf_shared,4,2026-06-15T18:46:51.628022900,2026-06-15T21:46:51.962748906
logdev_ebpf_shared,4,2026-06-15T18:46:51.628022900,2026-06-15T21:46:51.962748906
logdev_ebpf_shared,4,2026-06-15T18:46:51.628022900,2026-06-15T21:46:51.962890625
logdev_ebpf_shared,4,2026-06-15T18:46:51.628022900,2026-06-15T21:46:51.962890625
logdev_ebpf_shared,4,2026-06-15T18:46:51.628022900,2026-06-15T21:46:51.962890625
logdev_ebpf_shared,4,2026-06-15T18:46:51.628022900,2026-06-15T21:46:51.962890625
logdev_ebpf_shared,4,2026-06-15T18:46:51.628022900,2026-06-15T21:46:51.963032969
logdev_ebpf_shared,4,2026-06-15T18:46:51.628022900,2026-06-15T21:46:51.963032969
logdev_ebpf_shared,4,2026-06-15T18:46:51.628022900,2026-06-15T21:46:51.963175156
logdev_ebpf_shared,4,2026-06-15T18:46:51.628022900,2026-06-15T21:46:51.963175156
logdev_ebpf_shared,4,2026-06-15T18:46:51.628022900,2026-06-15T21:46:51.963175156
logdev_ebpf_shared,4,2026-06-15T18:46:51.628022900,2026-06-15T21:46:51.963175156
logdev_ebpf_shared,4,2026-06-15T18:46:51.628022900,2026-06-15T21:46:51.963324219
logdev_ebpf_shared,4,2026-06-15T18:46:51.628022900,2026-06-15T21:46:51.963324219
logdev_ebpf_shared,4,2026-06-15T18:46:51.628022900,2026-06-15T21:46:51.963485313
logdev_ebpf_shared,4,2026-06-15T18:46:51.628022900,2026-06-15T21:46:51.963485313
logdev_ebpf_shared,4,2026-06-15T18:46:51.628022900,2026-06-15T21:46:51.963485313
logdev_ebpf_shared,4,2026-06-15T18:46:51.628022900,2026-06-15T21:46:51.963656563
logdev_ebpf_shared,4,2026-06-15T18:46:51.628022900,2026-06-15T21:46:51.963656563
logdev_ebpf_shared,4,2026-06-15T18:46:51.628022900,2026-06-15T21:46:51.963656563
logdev_ebpf_shared,4,2026-06-15T18:46:51.630028500,2026-06-15T21:46:51.963803906
logdev_ebpf_shared,4,2026-06-15T18:46:51.630028500,2026-06-15T21:46:51.963803906
logdev_ebpf_shared,4,2026-06-15T18:46:51.630028500,2026-06-15T21:46:51.963803906
logdev_ebpf_shared,4,2026-06-15T18:46:51.630028500,2026-06-15T21:46:51.964034688
logdev_ebpf_shared,4,2026-06-15T18:46:51.630028500,2026-06-15T21:46:51.964034688
logdev_ebpf_shared,4,2026-06-15T18:46:51.630028500,2026-06-15T21:46:51.964034688
logdev_ebpf_shared,4,2026-06-15T18:46:51.630028500,2026-06-15T21:46:51.964034688
logdev_ebpf_shared,4,2026-06-15T18:46:51.630028500,2026-06-15T21:46:51.964193281
logdev_ebpf_shared,4,2026-06-15T18:46:51.630028500,2026-06-15T21:46:51.964193281
logdev_ebpf_shared,4,2026-06-15T18:46:51.630028500,2026-06-15T21:46:51.964193281
logdev_ebpf_shared,4,2026-06-15T18:46:51.630028500,2026-06-15T21:46:51.964193281
logdev_ebpf_shared,4,2026-06-15T18:46:51.630028500,2026-06-15T21:46:51.964335000
logdev_ebpf_shared,4,2026-06-15T18:46:51.630028500,2026-06-15T21:46:51.964335000
logdev_ebpf_shared,4,2026-06-15T18:46:51.630028500,2026-06-15T21:46:51.964478906
logdev_ebpf_shared,4,2026-06-15T18:46:51.630028500,2026-06-15T21:46:51.964478906
logdev_ebpf_shared,4,2026-06-15T18:46:51.630028500,2026-06-15T21:46:51.964478906
logdev_ebpf_shared,4,2026-06-15T18:46:51.630028500,2026-06-15T21:46:51.964478906
logdev_ebpf_shared,4,2026-06-15T18:46:51.630028500,2026-06-15T21:46:51.964620781
logdev_ebpf_shared,4,2026-06-15T18:46:51.630028500,2026-06-15T21:46:51.964620781
logdev_ebpf_shared,4,2026-06-15T18:46:51.630028500,2026-06-15T21:46:51.964620781
logdev_ebpf_shared,4,2026-06-15T18:46:51.630028500,2026-06-15T21:46:51.964762031
logdev_ebpf_shared,4,2026-06-15T18:46:51.630028500,2026-06-15T21:46:51.964762031
logdev_ebpf_shared,4,2026-06-15T18:46:51.630028500,2026-06-15T21:46:51.964762031
logdev_ebpf_shared,4,2026-06-15T18:46:51.630028500,2026-06-15T21:46:51.964902500
logdev_ebpf_shared,4,2026-06-15T18:46:51.630028500,2026-06-15T21:46:51.964902500
logdev_ebpf_shared,4,2026-06-15T18:46:51.630028500,2026-06-15T21:46:51.964902500
logdev_ebpf_shared,4,2026-06-15T18:46:51.630028500,2026-06-15T21:46:51.964902500
logdev_ebpf_shared,4,2026-06-15T18:46:51.630028500,2026-06-15T21:46:51.965045000
logdev_ebpf_shared,4,2026-06-15T18:46:51.630028500,2026-06-15T21:46:51.965045000
logdev_ebpf_shared,4,2026-06-15T18:46:51.630028500,2026-06-15T21:46:51.965045000
logdev_ebpf_shared,4,2026-06-15T18:46:51.630028500,2026-06-15T21:46:51.965185781
logdev_ebpf_shared,4,2026-06-15T18:46:51.630028500,2026-06-15T21:46:51.965185781
logdev_ebpf_shared,4,2026-06-15T18:46:51.631533500,2026-06-15T21:46:51.965355938
logdev_ebpf_shared,4,2026-06-15T18:46:51.631533500,2026-06-15T21:46:51.965355938
logdev_ebpf_shared,4,2026-06-15T18:46:51.631533500,2026-06-15T21:46:51.965355938
logdev_ebpf_shared,4,2026-06-15T18:46:51.631533500,2026-06-15T21:46:51.965506406
logdev_ebpf_shared,4,2026-06-15T18:46:51.631533500,2026-06-15T21:46:51.965506406
logdev_ebpf_shared,4,2026-06-15T18:46:51.631533500,2026-06-15T21:46:51.965506406
logdev_ebpf_shared,4,2026-06-15T18:46:51.631533500,2026-06-15T21:46:51.965649375
logdev_ebpf_shared,4,2026-06-15T18:46:51.631533500,2026-06-15T21:46:51.965649375
logdev_ebpf_shared,4,2026-06-15T18:46:51.631533500,2026-06-15T21:46:51.965649375
logdev_ebpf_shared,4,2026-06-15T18:46:51.631533500,2026-06-15T21:46:51.965791719
logdev_ebpf_shared,4,2026-06-15T18:46:51.631533500,2026-06-15T21:46:51.965791719
logdev_ebpf_shared,4,2026-06-15T18:46:51.631533500,2026-06-15T21:46:51.965791719
logdev_ebpf_shared,4,2026-06-15T18:46:51.631533500,2026-06-15T21:46:51.965937344
logdev_ebpf_shared,4,2026-06-15T18:46:51.631533500,2026-06-15T21:46:51.965937344
logdev_ebpf_shared,4,2026-06-15T18:46:51.631533500,2026-06-15T21:46:51.965937344
logdev_ebpf_shared,4,2026-06-15T18:46:51.631533500,2026-06-15T21:46:51.966079063
logdev_ebpf_shared,4,2026-06-15T18:46:51.631533500,2026-06-15T21:46:51.966079063
logdev_ebpf_shared,4,2026-06-15T18:46:51.631533500,2026-06-15T21:46:51.966079063
logdev_ebpf_shared,4,2026-06-15T18:46:51.631533500,2026-06-15T21:46:51.966222031
logdev_ebpf_shared,4,2026-06-15T18:46:51.631533500,2026-06-15T21:46:51.966222031
logdev_ebpf_shared,4,2026-06-15T18:46:51.631533500,2026-06-15T21:46:51.966364219
logdev_ebpf_shared,4,2026-06-15T18:46:51.631533500,2026-06-15T21:46:51.966364219
logdev_ebpf_shared,4,2026-06-15T18:46:51.631533500,2026-06-15T21:46:51.966364219
logdev_ebpf_shared,4,2026-06-15T18:46:51.631533500,2026-06-15T21:46:51.966364219
logdev_ebpf_shared,4,2026-06-15T18:46:51.631533500,2026-06-15T21:46:51.966514063
logdev_ebpf_shared,4,2026-06-15T18:46:51.631533500,2026-06-15T21:46:51.966514063
logdev_ebpf_shared,4,2026-06-15T18:46:51.631533500,2026-06-15T21:46:51.966514063
logdev_ebpf_shared,4,2026-06-15T18:46:51.631533500,2026-06-15T21:46:51.966655938
logdev_ebpf_shared,4,2026-06-15T18:46:51.631533500,2026-06-15T21:46:51.966655938
logdev_ebpf_shared,4,2026-06-15T18:46:51.631533500,2026-06-15T21:46:51.966827656
logdev_ebpf_shared,4,2026-06-15T18:46:51.633038900,2026-06-15T21:46:51.966827656
logdev_ebpf_shared,4,2026-06-15T18:46:51.633038900,2026-06-15T21:46:51.966993438
logdev_ebpf_shared,4,2026-06-15T18:46:51.633038900,2026-06-15T21:46:51.966993438
logdev_ebpf_shared,4,2026-06-15T18:46:51.633038900,2026-06-15T21:46:51.966993438
logdev_ebpf_shared,4,2026-06-15T18:46:51.633038900,2026-06-15T21:46:51.967136094
logdev_ebpf_shared,4,2026-06-15T18:46:51.633038900,2026-06-15T21:46:51.967136094
logdev_ebpf_shared,4,2026-06-15T18:46:51.633038900,2026-06-15T21:46:51.967136094
logdev_ebpf_shared,4,2026-06-15T18:46:51.633038900,2026-06-15T21:46:51.967278750
logdev_ebpf_shared,4,2026-06-15T18:46:51.633038900,2026-06-15T21:46:51.967278750
logdev_ebpf_shared,4,2026-06-15T18:46:51.633038900,2026-06-15T21:46:51.967278750
logdev_ebpf_shared,4,2026-06-15T18:46:51.633038900,2026-06-15T21:46:51.967418750
logdev_ebpf_shared,4,2026-06-15T18:46:51.633038900,2026-06-15T21:46:51.967418750
logdev_ebpf_shared,4,2026-06-15T18:46:51.633038900,2026-06-15T21:46:51.967418750
logdev_ebpf_shared,4,2026-06-15T18:46:51.633038900,2026-06-15T21:46:51.967418750
logdev_ebpf_shared,4,2026-06-15T18:46:51.633038900,2026-06-15T21:46:51.967560781
logdev_ebpf_shared,4,2026-06-15T18:46:51.633038900,2026-06-15T21:46:51.967560781
logdev_ebpf_shared,4,2026-06-15T18:46:51.633038900,2026-06-15T21:46:51.967560781
logdev_ebpf_shared,4,2026-06-15T18:46:51.633038900,2026-06-15T21:46:51.967704063
logdev_ebpf_shared,4,2026-06-15T18:46:51.633038900,2026-06-15T21:46:51.967704063
logdev_ebpf_shared,4,2026-06-15T18:46:51.633038900,2026-06-15T21:46:51.967704063
logdev_ebpf_shared,4,2026-06-15T18:46:51.633038900,2026-06-15T21:46:51.967897969
logdev_ebpf_shared,4,2026-06-15T18:46:51.633038900,2026-06-15T21:46:51.967897969
logdev_ebpf_shared,4,2026-06-15T18:46:51.633038900,2026-06-15T21:46:51.967897969
logdev_ebpf_shared,4,2026-06-15T18:46:51.633038900,2026-06-15T21:46:51.967897969
logdev_ebpf_shared,4,2026-06-15T18:46:51.633038900,2026-06-15T21:46:51.968063594
logdev_ebpf_shared,4,2026-06-15T18:46:51.633038900,2026-06-15T21:46:51.968063594
logdev_ebpf_shared,4,2026-06-15T18:46:51.633038900,2026-06-15T21:46:51.968215625
logdev_ebpf_shared,4,2026-06-15T18:46:51.633038900,2026-06-15T21:46:51.968215625
logdev_ebpf_shared,4,2026-06-15T18:46:51.633038900,2026-06-15T21:46:51.968215625
logdev_ebpf_shared,4,2026-06-15T18:46:51.633038900,2026-06-15T21:46:51.968215625
logdev_ebpf_shared,4,2026-06-15T18:46:51.633038900,2026-06-15T21:46:51.968359063
logdev_ebpf_shared,4,2026-06-15T18:46:51.633038900,2026-06-15T21:46:51.968359063
logdev_ebpf_shared,4,2026-06-15T18:46:51.633038900,2026-06-15T21:46:51.968500781
logdev_ebpf_shared,4,2026-06-15T18:46:51.633038900,2026-06-15T21:46:51.968500781
logdev_ebpf_shared,4,2026-06-15T18:46:51.633038900,2026-06-15T21:46:51.968500781
logdev_ebpf_shared,4,2026-06-15T18:46:51.633038900,2026-06-15T21:46:51.968500781
logdev_ebpf_shared,4,2026-06-15T18:46:51.633038900,2026-06-15T21:46:51.968661719
logdev_ebpf_shared,4,2026-06-15T18:46:51.633038900,2026-06-15T21:46:51.968661719
logdev_ebpf_shared,4,2026-06-15T18:46:51.633038900,2026-06-15T21:46:51.968807344
logdev_ebpf_shared,4,2026-06-15T18:46:51.633038900,2026-06-15T21:46:51.968807344
logdev_ebpf_shared,4,2026-06-15T18:46:51.635047800,2026-06-15T21:46:51.968807344
logdev_ebpf_shared,4,2026-06-15T18:46:51.635047800,2026-06-15T21:46:51.968807344
logdev_ebpf_shared,4,2026-06-15T18:46:51.635047800,2026-06-15T21:46:51.968955000
logdev_ebpf_shared,4,2026-06-15T18:46:51.635047800,2026-06-15T21:46:51.968955000
logdev_ebpf_shared,4,2026-06-15T18:46:51.635047800,2026-06-15T21:46:51.968955000
logdev_ebpf_shared,4,2026-06-15T18:46:51.635047800,2026-06-15T21:46:51.969102969
logdev_ebpf_shared,4,2026-06-15T18:46:51.635047800,2026-06-15T21:46:51.969102969
logdev_ebpf_shared,4,2026-06-15T18:46:51.635047800,2026-06-15T21:46:51.969102969
logdev_ebpf_shared,4,2026-06-15T18:46:51.635047800,2026-06-15T21:46:51.969245469
logdev_ebpf_shared,4,2026-06-15T18:46:51.635047800,2026-06-15T21:46:51.969245469
logdev_ebpf_shared,4,2026-06-15T18:46:51.635047800,2026-06-15T21:46:51.969245469
logdev_ebpf_shared,4,2026-06-15T18:46:51.635047800,2026-06-15T21:46:51.969245469
logdev_ebpf_shared,4,2026-06-15T18:46:51.635047800,2026-06-15T21:46:51.969388906
logdev_ebpf_shared,4,2026-06-15T18:46:51.635047800,2026-06-15T21:46:51.969388906
logdev_ebpf_shared,4,2026-06-15T18:46:51.635047800,2026-06-15T21:46:51.969540313
logdev_ebpf_shared,4,2026-06-15T18:46:51.635047800,2026-06-15T21:46:51.969540313
logdev_ebpf_shared,4,2026-06-15T18:46:51.635047800,2026-06-15T21:46:51.969540313
logdev_ebpf_shared,4,2026-06-15T18:46:51.635047800,2026-06-15T21:46:51.969540313
logdev_ebpf_shared,4,2026-06-15T18:46:51.635047800,2026-06-15T21:46:51.969683906
logdev_ebpf_shared,4,2026-06-15T18:46:51.635047800,2026-06-15T21:46:51.969683906
logdev_ebpf_shared,4,2026-06-15T18:46:51.635047800,2026-06-15T21:46:51.969683906
logdev_ebpf_shared,4,2026-06-15T18:46:51.635047800,2026-06-15T21:46:51.969683906
logdev_ebpf_shared,4,2026-06-15T18:46:51.635047800,2026-06-15T21:46:51.969824375
logdev_ebpf_shared,4,2026-06-15T18:46:51.635047800,2026-06-15T21:46:51.969824375
logdev_ebpf_shared,4,2026-06-15T18:46:51.635047800,2026-06-15T21:46:51.969968281
logdev_ebpf_shared,4,2026-06-15T18:46:51.635047800,2026-06-15T21:46:51.969968281
logdev_ebpf_shared,4,2026-06-15T18:46:51.635047800,2026-06-15T21:46:51.969968281
logdev_ebpf_shared,4,2026-06-15T18:46:51.635047800,2026-06-15T21:46:51.969968281
logdev_ebpf_shared,4,2026-06-15T18:46:51.635047800,2026-06-15T21:46:51.970110625
logdev_ebpf_shared,4,2026-06-15T18:46:51.635047800,2026-06-15T21:46:51.970110625
logdev_ebpf_shared,4,2026-06-15T18:46:51.635047800,2026-06-15T21:46:51.970252188
logdev_ebpf_shared,4,2026-06-15T18:46:51.635047800,2026-06-15T21:46:51.970252188
logdev_ebpf_shared,4,2026-06-15T18:46:51.635047800,2026-06-15T21:46:51.970252188
logdev_ebpf_shared,4,2026-06-15T18:46:51.635047800,2026-06-15T21:46:51.970398906
logdev_ebpf_shared,4,2026-06-15T18:46:51.635047800,2026-06-15T21:46:51.970398906
logdev_ebpf_shared,4,2026-06-15T18:46:51.635047800,2026-06-15T21:46:51.970398906
logdev_ebpf_shared,4,2026-06-15T18:46:51.635047800,2026-06-15T21:46:51.970541719
logdev_ebpf_shared,4,2026-06-15T18:46:51.635047800,2026-06-15T21:46:51.970541719
logdev_ebpf_shared,4,2026-06-15T18:46:51.635047800,2026-06-15T21:46:51.970541719
logdev_ebpf_shared,4,2026-06-15T18:46:51.635047800,2026-06-15T21:46:51.970684375
logdev_ebpf_shared,4,2026-06-15T18:46:51.635047800,2026-06-15T21:46:51.970684375
logdev_ebpf_shared,4,2026-06-15T18:46:51.635047800,2026-06-15T21:46:51.970825781
logdev_ebpf_shared,4,2026-06-15T18:46:51.637052400,2026-06-15T21:46:51.970825781
logdev_ebpf_shared,4,2026-06-15T18:46:51.637052400,2026-06-15T21:46:51.970825781
logdev_ebpf_shared,4,2026-06-15T18:46:51.637052400,2026-06-15T21:46:51.970825781
logdev_ebpf_shared,4,2026-06-15T18:46:51.637052400,2026-06-15T21:46:51.970968125
logdev_ebpf_shared,4,2026-06-15T18:46:51.637052400,2026-06-15T21:46:51.970968125
logdev_ebpf_shared,4,2026-06-15T18:46:51.637052400,2026-06-15T21:46:51.970968125
logdev_ebpf_shared,4,2026-06-15T18:46:51.637052400,2026-06-15T21:46:51.971109219
logdev_ebpf_shared,4,2026-06-15T18:46:51.637052400,2026-06-15T21:46:51.971109219
logdev_ebpf_shared,4,2026-06-15T18:46:51.637052400,2026-06-15T21:46:51.971109219
logdev_ebpf_shared,4,2026-06-15T18:46:51.637052400,2026-06-15T21:46:51.971250469
logdev_ebpf_shared,4,2026-06-15T18:46:51.637052400,2026-06-15T21:46:51.971250469
logdev_ebpf_shared,4,2026-06-15T18:46:51.637052400,2026-06-15T21:46:51.971250469
logdev_ebpf_shared,4,2026-06-15T18:46:51.637052400,2026-06-15T21:46:51.971250469
logdev_ebpf_shared,4,2026-06-15T18:46:51.637052400,2026-06-15T21:46:51.971389844
logdev_ebpf_shared,4,2026-06-15T18:46:51.637052400,2026-06-15T21:46:51.971389844
logdev_ebpf_shared,4,2026-06-15T18:46:51.637052400,2026-06-15T21:46:51.971532188
logdev_ebpf_shared,4,2026-06-15T18:46:51.637052400,2026-06-15T21:46:51.971532188
logdev_ebpf_shared,4,2026-06-15T18:46:51.637052400,2026-06-15T21:46:51.971532188
logdev_ebpf_shared,4,2026-06-15T18:46:51.637052400,2026-06-15T21:46:51.971532188
logdev_ebpf_shared,4,2026-06-15T18:46:51.637052400,2026-06-15T21:46:51.971673125
logdev_ebpf_shared,4,2026-06-15T18:46:51.637052400,2026-06-15T21:46:51.971673125
logdev_ebpf_shared,4,2026-06-15T18:46:51.637052400,2026-06-15T21:46:51.971819375
logdev_ebpf_shared,4,2026-06-15T18:46:51.637052400,2026-06-15T21:46:51.971819375
logdev_ebpf_shared,4,2026-06-15T18:46:51.637052400,2026-06-15T21:46:51.971819375
logdev_ebpf_shared,4,2026-06-15T18:46:51.637052400,2026-06-15T21:46:51.971819375
logdev_ebpf_shared,4,2026-06-15T18:46:51.637052400,2026-06-15T21:46:51.971986563
logdev_ebpf_shared,4,2026-06-15T18:46:51.637052400,2026-06-15T21:46:51.971986563
logdev_ebpf_shared,4,2026-06-15T18:46:51.637052400,2026-06-15T21:46:51.971986563
logdev_ebpf_shared,4,2026-06-15T18:46:51.637052400,2026-06-15T21:46:51.971986563
logdev_ebpf_shared,4,2026-06-15T18:46:51.637052400,2026-06-15T21:46:51.972129688
logdev_ebpf_shared,4,2026-06-15T18:46:51.637052400,2026-06-15T21:46:51.972129688
logdev_ebpf_shared,4,2026-06-15T18:46:51.637052400,2026-06-15T21:46:51.972271563
logdev_ebpf_shared,4,2026-06-15T18:46:51.637052400,2026-06-15T21:46:51.972271563
logdev_ebpf_shared,4,2026-06-15T18:46:51.637052400,2026-06-15T21:46:51.972413594
logdev_ebpf_shared,4,2026-06-15T18:46:51.637052400,2026-06-15T21:46:51.972413594
logdev_ebpf_shared,4,2026-06-15T18:46:51.637052400,2026-06-15T21:46:51.972413594
logdev_ebpf_shared,4,2026-06-15T18:46:51.637052400,2026-06-15T21:46:51.972413594
logdev_ebpf_shared,4,2026-06-15T18:46:51.637052400,2026-06-15T21:46:51.972567969
logdev_ebpf_shared,4,2026-06-15T18:46:51.637052400,2026-06-15T21:46:51.972567969
logdev_ebpf_shared,4,2026-06-15T18:46:51.637052400,2026-06-15T21:46:51.972567969
logdev_ebpf_shared,4,2026-06-15T18:46:51.637052400,2026-06-15T21:46:51.972712188
logdev_ebpf_shared,4,2026-06-15T18:46:51.637052400,2026-06-15T21:46:51.972712188
logdev_ebpf_shared,4,2026-06-15T18:46:51.637052400,2026-06-15T21:46:51.972712188
logdev_ebpf_shared,4,2026-06-15T18:46:51.637052400,2026-06-15T21:46:51.972855625
logdev_ebpf_shared,4,2026-06-15T18:46:51.637052400,2026-06-15T21:46:51.972855625
logdev_ebpf_shared,4,2026-06-15T18:46:51.637052400,2026-06-15T21:46:51.972855625
logdev_ebpf_shared,4,2026-06-15T18:46:51.637052400,2026-06-15T21:46:51.972855625
logdev_ebpf_shared,4,2026-06-15T18:46:51.637052400,2026-06-15T21:46:51.972998281
logdev_ebpf_shared,4,2026-06-15T18:46:51.637052400,2026-06-15T21:46:51.972998281
logdev_ebpf_shared,4,2026-06-15T18:46:51.637052400,2026-06-15T21:46:51.972998281
logdev_ebpf_shared,4,2026-06-15T18:46:51.637052400,2026-06-15T21:46:51.973140625
logdev_ebpf_shared,4,2026-06-15T18:46:51.637052400,2026-06-15T21:46:51.973140625
logdev_ebpf_shared,4,2026-06-15T18:46:51.637052400,2026-06-15T21:46:51.973140625
logdev_ebpf_shared,4,2026-06-15T18:46:51.637052400,2026-06-15T21:46:51.973278281
logdev_ebpf_shared,4,2026-06-15T18:46:51.637052400,2026-06-15T21:46:51.973278281
logdev_ebpf_shared,4,2026-06-15T18:46:51.637052400,2026-06-15T21:46:51.973278281
logdev_ebpf_shared,4,2026-06-15T18:46:51.637052400,2026-06-15T21:46:51.973278281
logdev_ebpf_shared,4,2026-06-15T18:46:51.637052400,2026-06-15T21:46:51.973420313
logdev_ebpf_shared,4,2026-06-15T18:46:51.637052400,2026-06-15T21:46:51.973420313
logdev_ebpf_shared,4,2026-06-15T18:46:51.637052400,2026-06-15T21:46:51.973545469
logdev_ebpf_shared,4,2026-06-15T18:46:51.637052400,2026-06-15T21:46:51.973545469
logdev_ebpf_shared,4,2026-06-15T18:46:51.637052400,2026-06-15T21:46:51.973545469
logdev_ebpf_shared,4,2026-06-15T18:46:51.637052400,2026-06-15T21:46:51.973645313
logdev_ebpf_shared,4,2026-06-15T18:46:51.637052400,2026-06-15T21:46:51.973645313
logdev_ebpf_shared,4,2026-06-15T18:46:51.637052400,2026-06-15T21:46:51.973746250
logdev_ebpf_shared,4,2026-06-15T18:46:51.637052400,2026-06-15T21:46:51.973746250
logdev_ebpf_shared,4,2026-06-15T18:46:51.637052400,2026-06-15T21:46:51.973927500
logdev_ebpf_shared,4,2026-06-15T18:46:51.637052400,2026-06-15T21:46:51.973927500
logdev_ebpf_shared,4,2026-06-15T18:46:51.637052400,2026-06-15T21:46:51.974045313
logdev_ebpf_shared,4,2026-06-15T18:46:51.637052400,2026-06-15T21:46:51.974045313
logdev_ebpf_shared,4,2026-06-15T18:46:51.637052400,2026-06-15T21:46:51.974045313
logdev_ebpf_shared,4,2026-06-15T18:46:51.637052400,2026-06-15T21:46:51.974045313
logdev_ebpf_shared,4,2026-06-15T18:46:51.637052400,2026-06-15T21:46:51.974148594
logdev_ebpf_shared,4,2026-06-15T18:46:51.637052400,2026-06-15T21:46:51.974148594
logdev_ebpf_shared,4,2026-06-15T18:46:51.637052400,2026-06-15T21:46:51.974264219
logdev_ebpf_shared,4,2026-06-15T18:46:51.637052400,2026-06-15T21:46:51.974264219
logdev_ebpf_shared,4,2026-06-15T18:46:51.637052400,2026-06-15T21:46:51.974367344
logdev_ebpf_shared,4,2026-06-15T18:46:51.637052400,2026-06-15T21:46:51.974367344
logdev_ebpf_shared,4,2026-06-15T18:46:51.637052400,2026-06-15T21:46:51.974474844
logdev_ebpf_shared,4,2026-06-15T18:46:51.637052400,2026-06-15T21:46:51.974474844
logdev_ebpf_shared,4,2026-06-15T18:46:51.637052400,2026-06-15T21:46:51.974577031
logdev_ebpf_shared,4,2026-06-15T18:46:51.637052400,2026-06-15T21:46:51.974577031
logdev_ebpf_shared,4,2026-06-15T18:46:51.637052400,2026-06-15T21:46:51.974701719
logdev_ebpf_shared,4,2026-06-15T18:46:51.637052400,2026-06-15T21:46:51.974701719
logdev_ebpf_shared,4,2026-06-15T18:46:51.637052400,2026-06-15T21:46:51.974701719
logdev_ebpf_shared,4,2026-06-15T18:46:51.637052400,2026-06-15T21:46:51.974701719
logdev_ebpf_shared,4,2026-06-15T18:46:51.637052400,2026-06-15T21:46:51.974804688
logdev_ebpf_shared,4,2026-06-15T18:46:51.637052400,2026-06-15T21:46:51.974804688
logdev_ebpf_shared,4,2026-06-15T18:46:51.637052400,2026-06-15T21:46:51.974907031
logdev_ebpf_shared,4,2026-06-15T18:46:51.637052400,2026-06-15T21:46:51.974907031
logdev_ebpf_shared,4,2026-06-15T18:46:51.637052400,2026-06-15T21:46:51.975007344
logdev_ebpf_shared,4,2026-06-15T18:46:51.637052400,2026-06-15T21:46:51.975007344
logdev_ebpf_shared,4,2026-06-15T18:46:51.637052400,2026-06-15T21:46:51.975108594
logdev_ebpf_shared,4,2026-06-15T18:46:51.637052400,2026-06-15T21:46:51.975108594
logdev_ebpf_shared,4,2026-06-15T18:46:51.637052400,2026-06-15T21:46:51.975216406
logdev_ebpf_shared,4,2026-06-15T18:46:51.637052400,2026-06-15T21:46:51.975216406
logdev_ebpf_shared,4,2026-06-15T18:46:51.637052400,2026-06-15T21:46:51.975216406
logdev_ebpf_shared,4,2026-06-15T18:46:51.637052400,2026-06-15T21:46:51.975318281
logdev_ebpf_shared,4,2026-06-15T18:46:51.637052400,2026-06-15T21:46:51.975318281
logdev_ebpf_shared,4,2026-06-15T18:46:51.637052400,2026-06-15T21:46:51.975421406
logdev_ebpf_shared,4,2026-06-15T18:46:51.637052400,2026-06-15T21:46:51.975421406
logdev_ebpf_shared,4,2026-06-15T18:46:51.637052400,2026-06-15T21:46:51.975421406
logdev_ebpf_shared,4,2026-06-15T18:46:51.637052400,2026-06-15T21:46:51.975522188
logdev_ebpf_shared,4,2026-06-15T18:46:51.637052400,2026-06-15T21:46:51.975522188
logdev_ebpf_shared,4,2026-06-15T18:46:51.637052400,2026-06-15T21:46:51.975622969
logdev_ebpf_shared,4,2026-06-15T18:46:51.637052400,2026-06-15T21:46:51.975622969
logdev_ebpf_shared,4,2026-06-15T18:46:51.637052400,2026-06-15T21:46:51.975726719
logdev_ebpf_shared,4,2026-06-15T18:46:51.637052400,2026-06-15T21:46:51.975726719
logdev_ebpf_shared,4,2026-06-15T18:46:51.637052400,2026-06-15T21:46:51.975726719
logdev_ebpf_shared,4,2026-06-15T18:46:51.637052400,2026-06-15T21:46:51.975844375
logdev_ebpf_shared,4,2026-06-15T18:46:51.637052400,2026-06-15T21:46:51.975844375
logdev_ebpf_shared,4,2026-06-15T18:46:51.637052400,2026-06-15T21:46:51.975945469
logdev_ebpf_shared,4,2026-06-15T18:46:51.637052400,2026-06-15T21:46:51.975945469
logdev_ebpf_shared,4,2026-06-15T18:46:51.637052400,2026-06-15T21:46:51.976049531
logdev_ebpf_shared,4,2026-06-15T18:46:51.637052400,2026-06-15T21:46:51.976049531
logdev_ebpf_shared,4,2026-06-15T18:46:51.637052400,2026-06-15T21:46:51.976151563
logdev_ebpf_shared,4,2026-06-15T18:46:51.637052400,2026-06-15T21:46:51.976151563
logdev_ebpf_shared,4,2026-06-15T18:46:51.637052400,2026-06-15T21:46:51.976151563
logdev_ebpf_shared,4,2026-06-15T18:46:51.637052400,2026-06-15T21:46:51.976252656
logdev_ebpf_shared,4,2026-06-15T18:46:51.637052400,2026-06-15T21:46:51.976252656
logdev_ebpf_shared,4,2026-06-15T18:46:51.637052400,2026-06-15T21:46:51.976353594
logdev_ebpf_shared,4,2026-06-15T18:46:51.637052400,2026-06-15T21:46:51.976353594
logdev_ebpf_shared,4,2026-06-15T18:46:51.637052400,2026-06-15T21:46:51.976453594
logdev_ebpf_shared,4,2026-06-15T18:46:51.637052400,2026-06-15T21:46:51.976453594
logdev_ebpf_shared,4,2026-06-15T18:46:51.637052400,2026-06-15T21:46:51.976453594
logdev_ebpf_shared,4,2026-06-15T18:46:51.637052400,2026-06-15T21:46:51.976555469
logdev_ebpf_shared,4,2026-06-15T18:46:51.637052400,2026-06-15T21:46:51.976555469
logdev_ebpf_shared,4,2026-06-15T18:46:51.637052400,2026-06-15T21:46:51.976675313
logdev_ebpf_shared,4,2026-06-15T18:46:51.637052400,2026-06-15T21:46:51.976779063
logdev_ebpf_shared,4,2026-06-15T18:46:51.637052400,2026-06-15T21:46:51.976779063
logdev_ebpf_shared,4,2026-06-15T18:46:51.637052400,2026-06-15T21:46:51.976881094
logdev_ebpf_shared,4,2026-06-15T18:46:51.637052400,2026-06-15T21:46:51.976881094
logdev_ebpf_shared,4,2026-06-15T18:46:51.637052400,2026-06-15T21:46:51.976982813
logdev_ebpf_shared,4,2026-06-15T18:46:51.637052400,2026-06-15T21:46:51.976982813
logdev_ebpf_shared,4,2026-06-15T18:46:51.637052400,2026-06-15T21:46:51.977082813
logdev_ebpf_shared,4,2026-06-15T18:46:51.637052400,2026-06-15T21:46:51.977082813
logdev_ebpf_shared,4,2026-06-15T18:46:51.637052400,2026-06-15T21:46:51.977183125
logdev_ebpf_shared,4,2026-06-15T18:46:51.637052400,2026-06-15T21:46:51.977183125
logdev_ebpf_shared,4,2026-06-15T18:46:51.637052400,2026-06-15T21:46:51.977282656
logdev_ebpf_shared,4,2026-06-15T18:46:51.637052400,2026-06-15T21:46:51.977282656
logdev_ebpf_shared,4,2026-06-15T18:46:51.637052400,2026-06-15T21:46:51.977382344
logdev_ebpf_shared,4,2026-06-15T18:46:51.637052400,2026-06-15T21:46:51.977382344
logdev_ebpf_shared,4,2026-06-15T18:46:51.637052400,2026-06-15T21:46:51.977382344
logdev_ebpf_shared,4,2026-06-15T18:46:51.637052400,2026-06-15T21:46:51.977481719
logdev_ebpf_shared,4,2026-06-15T18:46:51.637052400,2026-06-15T21:46:51.977481719
logdev_ebpf_shared,4,2026-06-15T18:46:51.637052400,2026-06-15T21:46:51.977627969
logdev_ebpf_shared,4,2026-06-15T18:46:51.637052400,2026-06-15T21:46:51.977627969
logdev_ebpf_shared,4,2026-06-15T18:46:51.637052400,2026-06-15T21:46:51.977764375
logdev_ebpf_shared,4,2026-06-15T18:46:51.637052400,2026-06-15T21:46:51.977764375
logdev_ebpf_shared,4,2026-06-15T18:46:51.637052400,2026-06-15T21:46:51.977872188
logdev_ebpf_shared,4,2026-06-15T18:46:51.637052400,2026-06-15T21:46:51.977872188
logdev_ebpf_shared,4,2026-06-15T18:46:51.637052400,2026-06-15T21:46:51.977976563
logdev_ebpf_shared,4,2026-06-15T18:46:51.637052400,2026-06-15T21:46:51.977976563
logdev_ebpf_shared,4,2026-06-15T18:46:51.637052400,2026-06-15T21:46:51.978079531
logdev_ebpf_shared,4,2026-06-15T18:46:51.637052400,2026-06-15T21:46:51.978079531
logdev_ebpf_shared,4,2026-06-15T18:46:51.637052400,2026-06-15T21:46:51.978180156
logdev_ebpf_shared,4,2026-06-15T18:46:51.637052400,2026-06-15T21:46:51.978180156
logdev_ebpf_shared,4,2026-06-15T18:46:51.637052400,2026-06-15T21:46:51.978282656
logdev_ebpf_shared,4,2026-06-15T18:46:51.637052400,2026-06-15T21:46:51.978282656
logdev_ebpf_shared,4,2026-06-15T18:46:51.637052400,2026-06-15T21:46:51.978383281
logdev_ebpf_shared,4,2026-06-15T18:46:51.644742400,2026-06-15T21:46:51.978485781
logdev_ebpf_shared,4,2026-06-15T18:46:51.644742400,2026-06-15T21:46:51.978485781
logdev_ebpf_shared,4,2026-06-15T18:46:51.644742400,2026-06-15T21:46:51.978588438
logdev_ebpf_shared,4,2026-06-15T18:46:51.644742400,2026-06-15T21:46:51.978588438
logdev_ebpf_shared,4,2026-06-15T18:46:51.644742400,2026-06-15T21:46:51.978687969
logdev_ebpf_shared,4,2026-06-15T18:46:51.644742400,2026-06-15T21:46:51.978687969
logdev_ebpf_shared,4,2026-06-15T18:46:51.644742400,2026-06-15T21:46:51.978791406
logdev_ebpf_shared,4,2026-06-15T18:46:51.644742400,2026-06-15T21:46:51.978791406
logdev_ebpf_shared,4,2026-06-15T18:46:51.644742400,2026-06-15T21:46:51.978892031
logdev_ebpf_shared,4,2026-06-15T18:46:51.644742400,2026-06-15T21:46:51.978892031
logdev_ebpf_shared,4,2026-06-15T18:46:51.644742400,2026-06-15T21:46:51.978998125
logdev_ebpf_shared,4,2026-06-15T18:46:51.644742400,2026-06-15T21:46:51.978998125
logdev_ebpf_shared,4,2026-06-15T18:46:51.644742400,2026-06-15T21:46:51.979098281
logdev_ebpf_shared,4,2026-06-15T18:46:51.644742400,2026-06-15T21:46:51.979098281
logdev_ebpf_shared,4,2026-06-15T18:46:51.644742400,2026-06-15T21:46:51.979199531
logdev_ebpf_shared,4,2026-06-15T18:46:51.644742400,2026-06-15T21:46:51.979199531
logdev_ebpf_shared,4,2026-06-15T18:46:51.644742400,2026-06-15T21:46:51.979302656
logdev_ebpf_shared,4,2026-06-15T18:46:51.644742400,2026-06-15T21:46:51.979302656
logdev_ebpf_shared,4,2026-06-15T18:46:51.644742400,2026-06-15T21:46:51.979302656
logdev_ebpf_shared,4,2026-06-15T18:46:51.644742400,2026-06-15T21:46:51.979405625
logdev_ebpf_shared,4,2026-06-15T18:46:51.644742400,2026-06-15T21:46:51.979405625
logdev_ebpf_shared,4,2026-06-15T18:46:51.644742400,2026-06-15T21:46:51.979504063
logdev_ebpf_shared,4,2026-06-15T18:46:51.644742400,2026-06-15T21:46:51.979504063
logdev_ebpf_shared,4,2026-06-15T18:46:51.644742400,2026-06-15T21:46:51.979604844
logdev_ebpf_shared,4,2026-06-15T18:46:51.644742400,2026-06-15T21:46:51.979604844
logdev_ebpf_shared,4,2026-06-15T18:46:51.644742400,2026-06-15T21:46:51.979705781
logdev_ebpf_shared,4,2026-06-15T18:46:51.644742400,2026-06-15T21:46:51.979705781
logdev_ebpf_shared,4,2026-06-15T18:46:51.644742400,2026-06-15T21:46:51.979806719
logdev_ebpf_shared,4,2026-06-15T18:46:51.644742400,2026-06-15T21:46:51.979932969
logdev_ebpf_shared,4,2026-06-15T18:46:51.644742400,2026-06-15T21:46:51.979932969
logdev_ebpf_shared,4,2026-06-15T18:46:51.644742400,2026-06-15T21:46:51.980035000
logdev_ebpf_shared,4,2026-06-15T18:46:51.644742400,2026-06-15T21:46:51.980035000
logdev_ebpf_shared,4,2026-06-15T18:46:51.644742400,2026-06-15T21:46:51.980137188
logdev_ebpf_shared,4,2026-06-15T18:46:51.644742400,2026-06-15T21:46:51.980137188
logdev_ebpf_shared,4,2026-06-15T18:46:51.644742400,2026-06-15T21:46:51.980236875
logdev_ebpf_shared,4,2026-06-15T18:46:51.644742400,2026-06-15T21:46:51.980236875
logdev_ebpf_shared,4,2026-06-15T18:46:51.644742400,2026-06-15T21:46:51.980344688
logdev_ebpf_shared,4,2026-06-15T18:46:51.644742400,2026-06-15T21:46:51.980344688
logdev_ebpf_shared,4,2026-06-15T18:46:51.646747900,2026-06-15T21:46:51.980446719
logdev_ebpf_shared,4,2026-06-15T18:46:51.644742400,2026-06-15T21:46:51.980446719
logdev_ebpf_shared,4,2026-06-15T18:46:51.646747900,2026-06-15T21:46:51.980550313
logdev_ebpf_shared,4,2026-06-15T18:46:51.646747900,2026-06-15T21:46:51.980550313
logdev_ebpf_shared,4,2026-06-15T18:46:51.646747900,2026-06-15T21:46:51.980651719
logdev_ebpf_shared,4,2026-06-15T18:46:51.646747900,2026-06-15T21:46:51.980651719
logdev_ebpf_shared,4,2026-06-15T18:46:51.646747900,2026-06-15T21:46:51.980651719
logdev_ebpf_shared,4,2026-06-15T18:46:51.646747900,2026-06-15T21:46:51.980751719
logdev_ebpf_shared,4,2026-06-15T18:46:51.646747900,2026-06-15T21:46:51.980751719
logdev_ebpf_shared,4,2026-06-15T18:46:51.646747900,2026-06-15T21:46:51.980850781
logdev_ebpf_shared,4,2026-06-15T18:46:51.646747900,2026-06-15T21:46:51.980850781
logdev_ebpf_shared,4,2026-06-15T18:46:51.646747900,2026-06-15T21:46:51.980950469
logdev_ebpf_shared,4,2026-06-15T18:46:51.646747900,2026-06-15T21:46:51.981050625
logdev_ebpf_shared,4,2026-06-15T18:46:51.646747900,2026-06-15T21:46:51.981050625
logdev_ebpf_shared,4,2026-06-15T18:46:51.646747900,2026-06-15T21:46:51.981150156
logdev_ebpf_shared,4,2026-06-15T18:46:51.646747900,2026-06-15T21:46:51.981150156
logdev_ebpf_shared,4,2026-06-15T18:46:51.646747900,2026-06-15T21:46:51.981251563
logdev_ebpf_shared,4,2026-06-15T18:46:51.646747900,2026-06-15T21:46:51.981251563
logdev_ebpf_shared,4,2026-06-15T18:46:51.646747900,2026-06-15T21:46:51.981352500
logdev_ebpf_shared,4,2026-06-15T18:46:51.646747900,2026-06-15T21:46:51.981352500
logdev_ebpf_shared,4,2026-06-15T18:46:51.646747900,2026-06-15T21:46:51.981453906
logdev_ebpf_shared,4,2026-06-15T18:46:51.646747900,2026-06-15T21:46:51.981453906
logdev_ebpf_shared,4,2026-06-15T18:46:51.646747900,2026-06-15T21:46:51.981554531
logdev_ebpf_shared,4,2026-06-15T18:46:51.646747900,2026-06-15T21:46:51.981554531
logdev_ebpf_shared,4,2026-06-15T18:46:51.646747900,2026-06-15T21:46:51.981672031
logdev_ebpf_shared,4,2026-06-15T18:46:51.646747900,2026-06-15T21:46:51.981672031
logdev_ebpf_shared,4,2026-06-15T18:46:51.646747900,2026-06-15T21:46:51.981773438
logdev_ebpf_shared,4,2026-06-15T18:46:51.646747900,2026-06-15T21:46:51.981773438
logdev_ebpf_shared,4,2026-06-15T18:46:51.646747900,2026-06-15T21:46:51.981874531
logdev_ebpf_shared,4,2026-06-15T18:46:51.646747900,2026-06-15T21:46:51.981874531
logdev_ebpf_shared,4,2026-06-15T18:46:51.646747900,2026-06-15T21:46:51.981974844
logdev_ebpf_shared,4,2026-06-15T18:46:51.646747900,2026-06-15T21:46:51.981974844
logdev_ebpf_shared,4,2026-06-15T18:46:51.646747900,2026-06-15T21:46:51.982079219
logdev_ebpf_shared,4,2026-06-15T18:46:51.646747900,2026-06-15T21:46:51.982079219
logdev_ebpf_shared,4,2026-06-15T18:46:51.646747900,2026-06-15T21:46:51.982180000
logdev_ebpf_shared,4,2026-06-15T18:46:51.646747900,2026-06-15T21:46:51.982280313
logdev_ebpf_shared,4,2026-06-15T18:46:51.646747900,2026-06-15T21:46:51.982280313
logdev_ebpf_shared,4,2026-06-15T18:46:51.646747900,2026-06-15T21:46:51.982379375
logdev_ebpf_shared,4,2026-06-15T18:46:51.646747900,2026-06-15T21:46:51.982379375
logdev_ebpf_shared,4,2026-06-15T18:46:51.646747900,2026-06-15T21:46:51.982379375
logdev_ebpf_shared,4,2026-06-15T18:46:51.648753900,2026-06-15T21:46:51.982479063
logdev_ebpf_shared,4,2026-06-15T18:46:51.648753900,2026-06-15T21:46:51.982479063
logdev_ebpf_shared,4,2026-06-15T18:46:51.648753900,2026-06-15T21:46:51.982577344
logdev_ebpf_shared,4,2026-06-15T18:46:51.648753900,2026-06-15T21:46:51.982577344
logdev_ebpf_shared,4,2026-06-15T18:46:51.648753900,2026-06-15T21:46:51.982689063
logdev_ebpf_shared,4,2026-06-15T18:46:51.648753900,2026-06-15T21:46:51.982689063
logdev_ebpf_shared,4,2026-06-15T18:46:51.648753900,2026-06-15T21:46:51.982790625
logdev_ebpf_shared,4,2026-06-15T18:46:51.648753900,2026-06-15T21:46:51.982790625
logdev_ebpf_shared,4,2026-06-15T18:46:51.648753900,2026-06-15T21:46:51.982896563
logdev_ebpf_shared,4,2026-06-15T18:46:51.648753900,2026-06-15T21:46:51.983000000
logdev_ebpf_shared,4,2026-06-15T18:46:51.649263500,2026-06-15T21:46:51.983000000
logdev_ebpf_shared,4,2026-06-15T18:46:51.649263500,2026-06-15T21:46:51.983101094
logdev_ebpf_shared,4,2026-06-15T18:46:51.649263500,2026-06-15T21:46:51.983101094
logdev_ebpf_shared,4,2026-06-15T18:46:51.649263500,2026-06-15T21:46:51.983201406
logdev_ebpf_shared,4,2026-06-15T18:46:51.649263500,2026-06-15T21:46:51.983201406
logdev_ebpf_shared,4,2026-06-15T18:46:51.649263500,2026-06-15T21:46:51.983301875
logdev_ebpf_shared,4,2026-06-15T18:46:51.649263500,2026-06-15T21:46:51.983301875
logdev_ebpf_shared,4,2026-06-15T18:46:51.649263500,2026-06-15T21:46:51.983400938
logdev_ebpf_shared,4,2026-06-15T18:46:51.649263500,2026-06-15T21:46:51.983400938
logdev_ebpf_shared,4,2026-06-15T18:46:51.649263500,2026-06-15T21:46:51.983500469
logdev_ebpf_shared,4,2026-06-15T18:46:51.649263500,2026-06-15T21:46:51.983500469
logdev_ebpf_shared,4,2026-06-15T18:46:51.649263500,2026-06-15T21:46:51.983605781
logdev_ebpf_shared,4,2026-06-15T18:46:51.649263500,2026-06-15T21:46:51.983605781
logdev_ebpf_shared,4,2026-06-15T18:46:51.649263500,2026-06-15T21:46:51.983705313
logdev_ebpf_shared,4,2026-06-15T18:46:51.649263500,2026-06-15T21:46:51.983804219
logdev_ebpf_shared,4,2026-06-15T18:46:51.649263500,2026-06-15T21:46:51.983804219
logdev_ebpf_shared,4,2026-06-15T18:46:51.649263500,2026-06-15T21:46:51.984056719
logdev_ebpf_shared,4,2026-06-15T18:46:51.649263500,2026-06-15T21:46:51.984056719
logdev_ebpf_shared,4,2026-06-15T18:46:51.649263500,2026-06-15T21:46:51.984191406
logdev_ebpf_shared,4,2026-06-15T18:46:51.649263500,2026-06-15T21:46:51.984191406
logdev_ebpf_shared,4,2026-06-15T18:46:51.649263500,2026-06-15T21:46:51.984191406
logdev_ebpf_shared,4,2026-06-15T18:46:51.649263500,2026-06-15T21:46:51.984191406
logdev_ebpf_shared,4,2026-06-15T18:46:51.649263500,2026-06-15T21:46:51.984313750
logdev_ebpf_shared,4,2026-06-15T18:46:51.649263500,2026-06-15T21:46:51.984437031
logdev_ebpf_shared,4,2026-06-15T18:46:51.649263500,2026-06-15T21:46:51.984437031
logdev_ebpf_shared,4,2026-06-15T18:46:51.649263500,2026-06-15T21:46:51.984437031
logdev_ebpf_shared,4,2026-06-15T18:46:51.649263500,2026-06-15T21:46:51.984555156
logdev_ebpf_shared,4,2026-06-15T18:46:51.649263500,2026-06-15T21:46:51.984555156
logdev_ebpf_shared,4,2026-06-15T18:46:51.649263500,2026-06-15T21:46:51.984676250
logdev_ebpf_shared,4,2026-06-15T18:46:51.649263500,2026-06-15T21:46:51.984676250
logdev_ebpf_shared,4,2026-06-15T18:46:51.649263500,2026-06-15T21:46:51.984797656
logdev_ebpf_shared,4,2026-06-15T18:46:51.649263500,2026-06-15T21:46:51.984797656
logdev_ebpf_shared,4,2026-06-15T18:46:51.649263500,2026-06-15T21:46:51.984918281
logdev_ebpf_shared,4,2026-06-15T18:46:51.649263500,2026-06-15T21:46:51.984918281
logdev_ebpf_shared,4,2026-06-15T18:46:51.649263500,2026-06-15T21:46:51.984918281
logdev_ebpf_shared,4,2026-06-15T18:46:51.651269000,2026-06-15T21:46:51.985036250
logdev_ebpf_shared,4,2026-06-15T18:46:51.651269000,2026-06-15T21:46:51.985036250
logdev_ebpf_shared,4,2026-06-15T18:46:51.651269000,2026-06-15T21:46:51.985036250
logdev_ebpf_shared,4,2026-06-15T18:46:51.651269000,2026-06-15T21:46:51.985158281
logdev_ebpf_shared,4,2026-06-15T18:46:51.651269000,2026-06-15T21:46:51.985158281
logdev_ebpf_shared,4,2026-06-15T18:46:51.651269000,2026-06-15T21:46:51.985277500
logdev_ebpf_shared,4,2026-06-15T18:46:51.651269000,2026-06-15T21:46:51.985277500
logdev_ebpf_shared,4,2026-06-15T18:46:51.651269000,2026-06-15T21:46:51.985277500
logdev_ebpf_shared,4,2026-06-15T18:46:51.651269000,2026-06-15T21:46:51.985399375
logdev_ebpf_shared,4,2026-06-15T18:46:51.651269000,2026-06-15T21:46:51.985399375
logdev_ebpf_shared,4,2026-06-15T18:46:51.651269000,2026-06-15T21:46:51.985399375
logdev_ebpf_shared,4,2026-06-15T18:46:51.651269000,2026-06-15T21:46:51.985524531
logdev_ebpf_shared,4,2026-06-15T18:46:51.651269000,2026-06-15T21:46:51.985524531
logdev_ebpf_shared,4,2026-06-15T18:46:51.651269000,2026-06-15T21:46:51.985524531
logdev_ebpf_shared,4,2026-06-15T18:46:51.651269000,2026-06-15T21:46:51.985643906
logdev_ebpf_shared,4,2026-06-15T18:46:51.651269000,2026-06-15T21:46:51.985643906
logdev_ebpf_shared,4,2026-06-15T18:46:51.651269000,2026-06-15T21:46:51.985768750
logdev_ebpf_shared,4,2026-06-15T18:46:51.651269000,2026-06-15T21:46:51.985768750
logdev_ebpf_shared,4,2026-06-15T18:46:51.651269000,2026-06-15T21:46:51.985889063
logdev_ebpf_shared,4,2026-06-15T18:46:51.651269000,2026-06-15T21:46:51.985889063
logdev_ebpf_shared,4,2026-06-15T18:46:51.651269000,2026-06-15T21:46:51.986010156
logdev_ebpf_shared,4,2026-06-15T18:46:51.651269000,2026-06-15T21:46:51.986010156
logdev_ebpf_shared,4,2026-06-15T18:46:51.651269000,2026-06-15T21:46:51.986131406
logdev_ebpf_shared,4,2026-06-15T18:46:51.651269000,2026-06-15T21:46:51.986131406
logdev_ebpf_shared,4,2026-06-15T18:46:51.651269000,2026-06-15T21:46:51.986251719
logdev_ebpf_shared,4,2026-06-15T18:46:51.651269000,2026-06-15T21:46:51.986251719
logdev_ebpf_shared,4,2026-06-15T18:46:51.651269000,2026-06-15T21:46:51.986251719
logdev_ebpf_shared,4,2026-06-15T18:46:51.651269000,2026-06-15T21:46:51.986371875
logdev_ebpf_shared,4,2026-06-15T18:46:51.651269000,2026-06-15T21:46:51.986371875
logdev_ebpf_shared,4,2026-06-15T18:46:51.651269000,2026-06-15T21:46:51.986491875
logdev_ebpf_shared,4,2026-06-15T18:46:51.651269000,2026-06-15T21:46:51.986491875
logdev_ebpf_shared,4,2026-06-15T18:46:51.651269000,2026-06-15T21:46:51.986611406
logdev_ebpf_shared,4,2026-06-15T18:46:51.651269000,2026-06-15T21:46:51.986611406
logdev_ebpf_shared,4,2026-06-15T18:46:51.651269000,2026-06-15T21:46:51.986611406
logdev_ebpf_shared,4,2026-06-15T18:46:51.651269000,2026-06-15T21:46:51.986611406
logdev_ebpf_shared,4,2026-06-15T18:46:51.651269000,2026-06-15T21:46:51.986730625
logdev_ebpf_shared,4,2026-06-15T18:46:51.651269000,2026-06-15T21:46:51.986730625
logdev_ebpf_shared,4,2026-06-15T18:46:51.651269000,2026-06-15T21:46:51.986850156
logdev_ebpf_shared,4,2026-06-15T18:46:51.651269000,2026-06-15T21:46:51.986850156
logdev_ebpf_shared,4,2026-06-15T18:46:51.651269000,2026-06-15T21:46:51.986970781
logdev_ebpf_shared,4,2026-06-15T18:46:51.651269000,2026-06-15T21:46:51.986970781
logdev_ebpf_shared,4,2026-06-15T18:46:51.651269000,2026-06-15T21:46:51.987089375
logdev_ebpf_shared,4,2026-06-15T18:46:51.651269000,2026-06-15T21:46:51.987089375
logdev_ebpf_shared,4,2026-06-15T18:46:51.651269000,2026-06-15T21:46:51.987089375
logdev_ebpf_shared,4,2026-06-15T18:46:51.651269000,2026-06-15T21:46:51.987207031
logdev_ebpf_shared,4,2026-06-15T18:46:51.651269000,2026-06-15T21:46:51.987207031
logdev_ebpf_shared,4,2026-06-15T18:46:51.651269000,2026-06-15T21:46:51.987330000
logdev_ebpf_shared,4,2026-06-15T18:46:51.651269000,2026-06-15T21:46:51.987330000
logdev_ebpf_shared,4,2026-06-15T18:46:51.651269000,2026-06-15T21:46:51.987502031
logdev_ebpf_shared,4,2026-06-15T18:46:51.651269000,2026-06-15T21:46:51.987502031
logdev_ebpf_shared,4,2026-06-15T18:46:51.651269000,2026-06-15T21:46:51.987609375
logdev_ebpf_shared,4,2026-06-15T18:46:51.651269000,2026-06-15T21:46:51.987609375
logdev_ebpf_shared,4,2026-06-15T18:46:51.651269000,2026-06-15T21:46:51.987609375
logdev_ebpf_shared,4,2026-06-15T18:46:51.651269000,2026-06-15T21:46:51.987699844
logdev_ebpf_shared,4,2026-06-15T18:46:51.651269000,2026-06-15T21:46:51.987699844
logdev_ebpf_shared,4,2026-06-15T18:46:51.651269000,2026-06-15T21:46:51.987813125
logdev_ebpf_shared,4,2026-06-15T18:46:51.651269000,2026-06-15T21:46:51.987813125
logdev_ebpf_shared,4,2026-06-15T18:46:51.651269000,2026-06-15T21:46:51.987915313
logdev_ebpf_shared,4,2026-06-15T18:46:51.651269000,2026-06-15T21:46:51.988004063
logdev_ebpf_shared,4,2026-06-15T18:46:51.651269000,2026-06-15T21:46:51.988004063
logdev_ebpf_shared,4,2026-06-15T18:46:51.651269000,2026-06-15T21:46:51.988091875
logdev_ebpf_shared,4,2026-06-15T18:46:51.651269000,2026-06-15T21:46:51.988091875
logdev_ebpf_shared,4,2026-06-15T18:46:51.651269000,2026-06-15T21:46:51.988179844
logdev_ebpf_shared,4,2026-06-15T18:46:51.651269000,2026-06-15T21:46:51.988179844
logdev_ebpf_shared,4,2026-06-15T18:46:51.651269000,2026-06-15T21:46:51.988268125
logdev_ebpf_shared,4,2026-06-15T18:46:51.651269000,2026-06-15T21:46:51.988268125
logdev_ebpf_shared,4,2026-06-15T18:46:51.651269000,2026-06-15T21:46:51.988370000
logdev_ebpf_shared,4,2026-06-15T18:46:51.651269000,2026-06-15T21:46:51.988370000
logdev_ebpf_shared,4,2026-06-15T18:46:51.651269000,2026-06-15T21:46:51.988467813
logdev_ebpf_shared,4,2026-06-15T18:46:51.651269000,2026-06-15T21:46:51.988558594
logdev_ebpf_shared,4,2026-06-15T18:46:51.651269000,2026-06-15T21:46:51.988558594
logdev_ebpf_shared,4,2026-06-15T18:46:51.651269000,2026-06-15T21:46:51.988647813
logdev_ebpf_shared,4,2026-06-15T18:46:51.651269000,2026-06-15T21:46:51.988647813
logdev_ebpf_shared,4,2026-06-15T18:46:51.651269000,2026-06-15T21:46:51.988743594
logdev_ebpf_shared,4,2026-06-15T18:46:51.651269000,2026-06-15T21:46:51.988743594
logdev_ebpf_shared,4,2026-06-15T18:46:51.651269000,2026-06-15T21:46:51.988833594
logdev_ebpf_shared,4,2026-06-15T18:46:51.651269000,2026-06-15T21:46:51.988833594
logdev_ebpf_shared,4,2026-06-15T18:46:51.651269000,2026-06-15T21:46:51.988922344
logdev_ebpf_shared,4,2026-06-15T18:46:51.651269000,2026-06-15T21:46:51.988922344
logdev_ebpf_shared,4,2026-06-15T18:46:51.651269000,2026-06-15T21:46:51.989010156
logdev_ebpf_shared,4,2026-06-15T18:46:51.651269000,2026-06-15T21:46:51.989010156
logdev_ebpf_shared,4,2026-06-15T18:46:51.651269000,2026-06-15T21:46:51.989097031
logdev_ebpf_shared,4,2026-06-15T18:46:51.651269000,2026-06-15T21:46:51.989186250
logdev_ebpf_shared,4,2026-06-15T18:46:51.651269000,2026-06-15T21:46:51.989186250
logdev_ebpf_shared,4,2026-06-15T18:46:51.655573200,2026-06-15T21:46:51.989274375
logdev_ebpf_shared,4,2026-06-15T18:46:51.655573200,2026-06-15T21:46:51.989274375
logdev_ebpf_shared,4,2026-06-15T18:46:51.655573200,2026-06-15T21:46:51.989361719
logdev_ebpf_shared,4,2026-06-15T18:46:51.655573200,2026-06-15T21:46:51.989361719
logdev_ebpf_shared,4,2026-06-15T18:46:51.655573200,2026-06-15T21:46:51.989448125
logdev_ebpf_shared,4,2026-06-15T18:46:51.655573200,2026-06-15T21:46:51.989448125
logdev_ebpf_shared,4,2026-06-15T18:46:51.655573200,2026-06-15T21:46:51.989585313
logdev_ebpf_shared,4,2026-06-15T18:46:51.655573200,2026-06-15T21:46:51.989585313
logdev_ebpf_shared,4,2026-06-15T18:46:51.655573200,2026-06-15T21:46:51.989690938
logdev_ebpf_shared,4,2026-06-15T18:46:51.655573200,2026-06-15T21:46:51.989781563
logdev_ebpf_shared,4,2026-06-15T18:46:51.655573200,2026-06-15T21:46:51.989781563
logdev_ebpf_shared,4,2026-06-15T18:46:51.655573200,2026-06-15T21:46:51.989870469
logdev_ebpf_shared,4,2026-06-15T18:46:51.655573200,2026-06-15T21:46:51.989958438
logdev_ebpf_shared,4,2026-06-15T18:46:51.655573200,2026-06-15T21:46:51.989958438
logdev_ebpf_shared,4,2026-06-15T18:46:51.655573200,2026-06-15T21:46:51.990047031
logdev_ebpf_shared,4,2026-06-15T18:46:51.655573200,2026-06-15T21:46:51.990047031
logdev_ebpf_shared,4,2026-06-15T18:46:51.655573200,2026-06-15T21:46:51.990135000
logdev_ebpf_shared,4,2026-06-15T18:46:51.655573200,2026-06-15T21:46:51.990135000
logdev_ebpf_shared,4,2026-06-15T18:46:51.655573200,2026-06-15T21:46:51.990222969
logdev_ebpf_shared,4,2026-06-15T18:46:51.655573200,2026-06-15T21:46:51.990222969
logdev_ebpf_shared,4,2026-06-15T18:46:51.655573200,2026-06-15T21:46:51.990314688
logdev_ebpf_shared,4,2026-06-15T18:46:51.655573200,2026-06-15T21:46:51.990403906
logdev_ebpf_shared,4,2026-06-15T18:46:51.655573200,2026-06-15T21:46:51.990403906
logdev_ebpf_shared,4,2026-06-15T18:46:51.655573200,2026-06-15T21:46:51.990491719
logdev_ebpf_shared,4,2026-06-15T18:46:51.655573200,2026-06-15T21:46:51.990491719
logdev_ebpf_shared,4,2026-06-15T18:46:51.655573200,2026-06-15T21:46:51.990579688
logdev_ebpf_shared,4,2026-06-15T18:46:51.655573200,2026-06-15T21:46:51.990579688
logdev_ebpf_shared,4,2026-06-15T18:46:51.655573200,2026-06-15T21:46:51.990667500
logdev_ebpf_shared,4,2026-06-15T18:46:51.655573200,2026-06-15T21:46:51.990667500
logdev_ebpf_shared,4,2026-06-15T18:46:51.655573200,2026-06-15T21:46:51.990755625
logdev_ebpf_shared,4,2026-06-15T18:46:51.655573200,2026-06-15T21:46:51.990850000
logdev_ebpf_shared,4,2026-06-15T18:46:51.655573200,2026-06-15T21:46:51.990850000
logdev_ebpf_shared,4,2026-06-15T18:46:51.655573200,2026-06-15T21:46:51.990939375
logdev_ebpf_shared,4,2026-06-15T18:46:51.655573200,2026-06-15T21:46:51.991027031
logdev_ebpf_shared,4,2026-06-15T18:46:51.655573200,2026-06-15T21:46:51.991027031
logdev_ebpf_shared,4,2026-06-15T18:46:51.655573200,2026-06-15T21:46:51.991114688
logdev_ebpf_shared,4,2026-06-15T18:46:51.655573200,2026-06-15T21:46:51.991114688
logdev_ebpf_shared,4,2026-06-15T18:46:51.655573200,2026-06-15T21:46:51.991202500
logdev_ebpf_shared,4,2026-06-15T18:46:51.655573200,2026-06-15T21:46:51.991202500
logdev_ebpf_shared,4,2026-06-15T18:46:51.657579000,2026-06-15T21:46:51.991290625
logdev_ebpf_shared,4,2026-06-15T18:46:51.657579000,2026-06-15T21:46:51.991290625
logdev_ebpf_shared,4,2026-06-15T18:46:51.657579000,2026-06-15T21:46:51.991379063
logdev_ebpf_shared,4,2026-06-15T18:46:51.657579000,2026-06-15T21:46:51.991467031
logdev_ebpf_shared,4,2026-06-15T18:46:51.657579000,2026-06-15T21:46:51.991467031
logdev_ebpf_shared,4,2026-06-15T18:46:51.657579000,2026-06-15T21:46:51.991555469
logdev_ebpf_shared,4,2026-06-15T18:46:51.657579000,2026-06-15T21:46:51.991555469
logdev_ebpf_shared,4,2026-06-15T18:46:51.657579000,2026-06-15T21:46:51.991657969
logdev_ebpf_shared,4,2026-06-15T18:46:51.657579000,2026-06-15T21:46:51.991797188
logdev_ebpf_shared,4,2026-06-15T18:46:51.657579000,2026-06-15T21:46:51.991926875
logdev_ebpf_shared,4,2026-06-15T18:46:51.657579000,2026-06-15T21:46:51.992021563
logdev_ebpf_shared,4,2026-06-15T18:46:51.657579000,2026-06-15T21:46:51.992111719
logdev_ebpf_shared,4,2026-06-15T18:46:51.657579000,2026-06-15T21:46:51.992246250
logdev_ebpf_shared,4,2026-06-15T18:46:51.657579000,2026-06-15T21:46:51.992246250
logdev_ebpf_shared,4,2026-06-15T18:46:51.657579000,2026-06-15T21:46:51.992337500
logdev_ebpf_shared,4,2026-06-15T18:46:51.657579000,2026-06-15T21:46:51.992426875
logdev_ebpf_shared,4,2026-06-15T18:46:51.657579000,2026-06-15T21:46:51.992518906
logdev_ebpf_shared,4,2026-06-15T18:46:51.657579000,2026-06-15T21:46:51.992608750
logdev_ebpf_shared,4,2026-06-15T18:46:51.657579000,2026-06-15T21:46:51.992697813
logdev_ebpf_shared,4,2026-06-15T18:46:51.657579000,2026-06-15T21:46:51.992786406
logdev_ebpf_shared,4,2026-06-15T18:46:51.657579000,2026-06-15T21:46:51.992875469
logdev_ebpf_shared,4,2026-06-15T18:46:51.657579000,2026-06-15T21:46:51.992964531
logdev_ebpf_shared,4,2026-06-15T18:46:51.657579000,2026-06-15T21:46:51.993052500
logdev_ebpf_shared,4,2026-06-15T18:46:51.657579000,2026-06-15T21:46:51.993141719
logdev_ebpf_shared,4,2026-06-15T18:46:51.657579000,2026-06-15T21:46:51.993231094
logdev_ebpf_shared,4,2026-06-15T18:46:51.657579000,2026-06-15T21:46:51.993360156
logdev_ebpf_shared,4,2026-06-15T18:46:51.657579000,2026-06-15T21:46:51.993360156
logdev_ebpf_shared,4,2026-06-15T18:46:51.657579000,2026-06-15T21:46:51.993451094
logdev_ebpf_shared,4,2026-06-15T18:46:51.657579000,2026-06-15T21:46:51.993546406
logdev_ebpf_shared,4,2026-06-15T18:46:51.657579000,2026-06-15T21:46:51.993635625
logdev_ebpf_shared,4,2026-06-15T18:46:51.657579000,2026-06-15T21:46:51.993724844
logdev_ebpf_shared,4,2026-06-15T18:46:51.657579000,2026-06-15T21:46:51.993813906
logdev_ebpf_shared,4,2026-06-15T18:46:51.657579000,2026-06-15T21:46:51.993903438
logdev_ebpf_shared,4,2026-06-15T18:46:51.657579000,2026-06-15T21:46:51.993994063
logdev_ebpf_shared,4,2026-06-15T18:46:51.657579000,2026-06-15T21:46:51.994081563
logdev_ebpf_shared,4,2026-06-15T18:46:51.657579000,2026-06-15T21:46:51.994169844
logdev_ebpf_shared,4,2026-06-15T18:46:51.657579000,2026-06-15T21:46:51.994257813
